,Unnamed: 0.1,Unnamed: 0,Age,Gender,Weight (kg),Height (m),Max_BPM,Avg_BPM,Resting_BPM,Session_Duration (hours),Calories_Burned,Fat_Percentage,Water_Intake (liters),Workout_Frequency (days/week),Experience_Level,BMI
0,0,0,34,0,86.7,1.86,174,152,74,1.12,712,12.8,2.4,3,1,14.31
1,1,1,26,0,84.7,1.83,166,156,73,1.0,833,27.9,2.8,3,1,33.49
2,2,2,22,1,64.8,1.85,187,166,64,1.24,1678,28.7,1.9,1,1,12.73
3,3,3,54,0,75.3,1.82,187,169,58,1.45,628,31.8,2.4,2,0,20.37
4,4,4,34,0,52.8,1.74,177,169,66,1.6,1286,26.4,3.2,2,1,20.83
5,5,5,38,0,53.0,1.58,161,128,74,1.62,953,23.4,2.5,0,1,13.02
6,6,6,44,0,46.5,1.81,191,142,74,1.46,1238,11.9,3.7,0,1,18.12
7,7,7,50,0,88.5,1.63,181,136,63,1.63,829,11.6,1.8,2,1,19.16
8,8,8,18,0,82.9,1.54,174,169,64,0.77,802,27.8,2.2,1,0,49.84
9,9,9,34,0,65.9,1.74,195,169,73,2.0,1231,30.5,3.2,3,1,12.32
10,10,10,39,0,47.0,1.78,181,155,55,1.89,747,31.7,2.3,1,2,28.39
11,11,11,46,1,40.0,1.88,168,131,69,2.0,672,25.4,2.4,0,1,12.32
12,12,12,19,1,87.7,1.98,186,145,50,1.61,1705,14.1,2.3,1,1,15.99
13,13,13,56,0,107.4,1.73,176,141,71,0.65,1564,26.0,3.0,0,2,14.48
14,14,14,19,0,71.7,1.91,197,148,74,1.15,464,32.5,2.7,2,1,19.09
15,15,15,30,0,90.6,1.6,161,125,52,1.03,1410,16.0,3.5,2,1,13.91
16,16,16,23,1,56.2,1.76,195,141,55,1.45,1195,23.9,3.2,2,0,22.61
17,17,17,39,0,71.3,1.77,171,124,74,0.69,871,21.9,2.1,3,0,14.31
18,18,18,54,0,47.7,1.56,181,128,74,1.5,853,26.5,1.5,1,0,23.64
19,19,19,26,1,129.9,1.71,196,136,74,1.27,931,26.6,1.8,3,0,21.04
20,20,20,22,0,102.4,1.5,173,156,55,1.44,453,17.5,1.6,2,2,18.23
21,21,21,25,1,57.2,1.82,184,140,74,1.15,888,26.9,2.6,2,1,15.23
22,22,22,59,1,71.8,1.5,165,152,74,1.94,758,28.9,3.3,1,0,16.87
23,23,23,18,1,112.4,1.71,177,165,55,1.56,1044,33.5,1.7,0,1,24.43
24,24,24,25,0,64.3,1.65,183,169,67,1.28,1783,20.0,3.2,0,2,20.59
25,25,25,32,1,72.4,1.74,189,127,60,1.4,1090,16.9,1.6,0,0,17.68
26,26,26,28,1,62.4,1.56,193,141,55,2.0,861,32.2,3.6,1,0,18.61
27,27,27,27,0,78.6,1.65,198,127,66,1.61,938,26.8,3.1,1,0,17.92
28,28,28,44,0,45.0,1.53,199,158,50,0.7,930,21.9,3.6,2,0,27.74
29,29,29,20,0,103.4,1.53,180,166,56,1.28,631,23.0,3.0,2,0,19.18
30,30,30,51,1,79.2,1.85,178,147,51,1.52,1355,23.2,2.0,2,0,18.95
31,31,31,35,1,75.7,1.61,192,147,52,0.92,1211,21.2,2.4,1,1,23.19
32,32,32,21,1,76.8,1.75,166,125,74,1.56,1152,25.1,2.7,1,0,16.66
33,33,33,48,0,112.6,1.69,160,162,63,0.89,1482,22.6,2.5,2,1,12.32
34,34,34,18,1,73.7,1.78,192,154,73,1.18,851,27.4,2.6,0,1,21.08
35,35,35,18,0,84.0,1.71,194,148,52,0.92,621,28.3,3.4,1,2,17.99
36,36,36,28,1,68.0,1.7,174,155,68,0.74,1464,17.0,2.3,1,1,21.67
37,37,37,30,0,54.3,1.82,185,168,66,1.4,1415,25.4,3.6,1,0,26.4
38,38,38,18,0,42.8,1.89,194,162,73,2.0,736,22.5,1.5,1,1,18.54
39,39,39,42,0,95.5,1.95,168,125,72,1.91,632,26.1,2.0,2,0,12.32
40,40,40,27,0,58.7,1.98,199,145,52,2.0,1119,23.0,2.7,0,2,18.99
41,41,41,24,0,86.5,1.65,196,169,59,1.08,771,27.3,2.1,1,0,12.9
42,42,42,44,0,63.6,1.78,167,129,74,1.34,1165,10.7,3.4,2,0,15.73
43,43,43,49,0,56.6,1.75,198,120,72,1.12,1767,23.6,2.6,0,1,34.37
44,44,44,36,0,40.0,1.71,178,169,69,1.3,1519,27.5,2.7,2,0,39.74
45,45,45,23,0,67.7,1.73,188,162,54,1.76,954,18.0,3.2,1,0,16.07
46,46,46,56,0,40.0,1.74,172,146,74,1.43,876,26.0,3.4,0,0,19.63
47,47,47,22,0,99.1,1.72,182,169,62,1.14,1105,31.4,3.6,2,0,16.91
48,48,48,20,0,72.9,1.63,164,156,51,1.11,582,27.1,3.2,1,1,19.83
49,49,49,44,0,40.0,1.68,175,156,74,1.04,1010,28.1,1.8,1,2,12.32
50,50,50,33,0,58.3,1.77,167,153,74,1.41,969,29.5,2.6,0,0,20.47
51,51,51,18,1,40.0,1.64,177,134,53,0.98,468,25.6,2.1,1,2,18.78
52,52,52,59,1,45.8,1.5,163,137,55,1.98,1306,24.0,2.9,2,1,26.25
53,53,53,27,1,52.3,1.75,180,128,61,1.92,931,15.0,2.5,2,1,23.23
54,54,54,33,0,76.3,1.95,188,125,72,0.95,899,21.7,2.3,3,0,26.08
55,55,55,47,1,77.5,1.72,176,151,56,1.39,679,13.3,3.5,0,2,24.32
56,56,56,27,1,96.3,1.61,198,159,70,1.16,1203,32.1,3.1,1,0,12.32
57,57,57,55,0,68.4,1.85,175,150,58,1.16,1020,29.2,2.5,2,1,22.87
58,58,58,18,0,56.9,1.77,183,131,57,1.28,1052,20.7,3.5,2,1,18.57
59,59,59,24,1,47.6,1.51,175,120,70,0.78,583,22.6,1.7,3,0,13.71
60,60,60,26,0,88.8,1.7,193,169,68,1.91,1145,18.1,3.7,0,1,30.34
61,61,61,29,1,96.7,1.7,175,141,54,2.0,880,32.9,2.3,0,2,13.16
62,62,62,43,1,112.0,1.71,166,146,58,1.62,815,31.2,2.6,1,0,21.1
63,63,63,29,0,72.0,1.66,167,144,68,0.87,1248,10.0,3.6,2,2,17.55
64,64,64,22,0,75.7,1.56,194,142,61,1.23,643,28.8,2.3,1,2,13.93
65,65,65,39,0,41.3,1.76,175,136,69,1.42,1096,24.3,3.2,1,1,15.36
66,66,66,41,1,40.0,1.77,176,148,65,1.03,1238,11.6,1.9,3,0,22.98
67,67,67,41,0,63.7,1.93,195,155,61,1.18,1064,21.2,3.4,2,0,15.76
68,68,68,20,1,45.0,1.68,171,154,74,1.5,1692,10.0,2.4,2,0,12.32
69,69,69,26,1,47.1,1.61,189,138,52,1.26,1095,19.3,3.6,1,2,29.91
70,70,70,37,0,72.1,1.83,164,152,58,1.58,1091,34.4,3.3,2,1,16.92
71,71,71,59,1,57.5,1.81,175,169,58,1.47,1349,24.7,2.5,3,1,12.32
72,72,72,22,1,54.3,1.85,165,144,53,2.0,1740,26.6,3.7,2,1,20.04
73,73,73,25,1,63.9,1.67,178,144,61,1.56,868,24.8,2.4,1,1,24.51
74,74,74,32,1,56.6,2.0,190,123,65,1.25,1309,14.7,3.5,2,2,17.83
75,75,75,29,0,95.3,1.72,190,169,74,1.49,733,29.2,3.7,3,2,20.06
76,76,76,30,0,96.3,2.0,173,136,74,2.0,1095,20.4,1.5,3,1,25.83
77,77,77,33,1,60.5,1.54,195,126,56,1.27,1237,29.1,3.7,2,1,21.23
78,78,78,49,1,45.0,1.84,190,159,53,1.3,864,26.5,1.5,2,1,17.11
79,79,79,53,1,87.7,1.84,164,152,53,1.37,1066,24.7,2.6,3,1,25.16
80,80,80,54,0,46.1,1.85,187,162,63,1.35,772,25.7,3.6,2,0,20.62
81,81,81,18,0,69.8,1.82,178,168,58,1.9,963,31.4,3.7,3,1,34.21
82,82,82,18,1,79.2,1.77,198,137,66,1.2,1429,12.9,3.7,1,1,19.07
83,83,83,22,0,53.3,1.73,172,144,71,1.1,1235,22.8,2.6,1,0,13.13
84,84,84,20,1,95.7,1.85,196,136,58,1.44,987,23.8,1.5,1,1,15.47
85,85,85,47,1,87.3,1.9,194,164,74,1.87,1073,23.7,3.5,3,1,20.1
86,86,86,18,1,79.2,1.66,176,154,72,1.58,1493,18.1,2.3,1,0,14.27
87,87,87,18,1,73.8,1.75,187,149,74,1.64,1065,17.7,2.4,1,0,17.79
88,88,88,33,0,66.3,1.76,164,120,74,1.44,419,25.4,2.6,1,2,20.67
89,89,89,27,1,72.8,1.82,162,136,57,1.23,780,11.4,3.5,2,2,22.59
90,90,90,38,1,50.0,1.75,186,135,59,2.0,695,23.4,1.6,2,0,49.84
91,91,91,29,0,93.5,1.85,166,167,74,1.01,670,23.2,2.6,1,0,19.83
92,92,92,54,1,84.0,1.94,178,133,53,1.47,942,30.7,1.5,2,0,16.61
93,93,93,37,0,55.3,1.73,183,134,51,1.1,976,31.3,2.8,0,1,16.26
94,94,94,21,1,66.6,1.85,189,121,56,0.88,993,13.9,3.4,3,0,12.32
95,95,95,26,0,59.8,1.6,180,151,58,1.2,611,16.4,2.5,1,2,12.63
96,96,96,42,0,80.3,1.94,192,169,52,1.72,753,24.6,3.5,3,1,33.99
97,97,97,31,0,129.9,1.7,190,169,69,1.38,735,10.0,2.1,1,2,16.07
98,98,98,50,0,40.0,1.75,162,169,55,2.0,1449,31.7,3.5,2,2,28.18
99,99,99,18,1,64.8,1.82,169,156,69,1.93,1516,21.9,3.5,1,1,17.69
100,100,100,54,1,60.1,1.63,174,159,72,0.52,893,18.4,3.6,2,0,20.56
101,101,101,37,1,46.3,1.69,181,141,67,1.64,1445,20.7,2.5,2,1,19.11
102,102,102,21,1,66.9,1.69,197,149,74,1.37,872,16.6,2.6,3,1,33.07
103,103,103,19,0,40.0,1.93,167,158,74,1.19,1265,24.7,2.6,2,2,12.32
104,104,104,36,0,50.1,1.85,199,140,68,0.91,1243,30.7,2.8,2,1,25.82
105,105,105,23,1,71.3,1.77,171,134,50,1.34,1239,35.0,2.5,1,2,18.17
106,106,106,39,0,66.8,1.61,177,127,59,1.64,770,28.0,3.1,2,0,17.16
107,107,107,45,1,53.9,1.68,169,141,71,1.59,1031,19.2,2.1,1,2,20.62
108,108,108,33,0,97.1,1.86,166,127,72,1.39,1783,11.0,1.5,2,0,16.27
109,109,109,27,0,40.0,1.57,178,169,52,1.32,949,28.4,3.1,1,1,21.11
110,110,110,37,1,62.1,1.85,196,151,64,1.28,943,26.7,3.3,2,0,20.37
111,111,111,28,1,60.7,1.73,198,124,70,1.34,1212,24.8,2.0,0,0,20.21
112,112,112,18,1,46.9,1.84,185,147,65,1.29,1040,21.8,1.7,1,0,13.0
113,113,113,18,0,90.8,1.66,182,134,56,1.77,990,10.0,1.8,2,1,22.03
114,114,114,24,0,44.0,1.79,193,164,62,1.84,622,26.3,3.5,2,1,14.27
115,115,115,27,0,75.1,1.86,175,165,70,1.29,765,27.0,3.5,2,1,14.22
116,116,116,23,0,58.2,1.85,196,130,57,1.36,582,25.7,1.5,2,0,35.08
117,117,117,23,0,78.7,1.68,191,132,70,1.28,1319,21.1,3.5,0,1,20.39
118,118,118,43,1,74.2,1.76,188,141,68,0.98,1426,21.2,3.1,0,2,20.52
119,119,119,18,1,56.1,2.0,180,120,57,1.04,1461,27.4,2.0,3,1,12.32
120,120,120,45,0,42.1,1.86,194,129,74,0.91,1176,22.1,3.6,3,0,33.0
121,121,121,18,1,40.0,1.73,168,121,73,0.64,1153,29.9,3.1,0,2,18.62
122,122,122,18,1,40.0,1.85,175,144,51,2.0,1318,32.7,2.0,2,1,21.16
123,123,123,28,0,107.7,1.99,188,129,55,2.0,1127,10.0,2.0,0,0,17.86
124,124,124,18,0,40.0,1.8,196,120,70,2.0,979,10.0,2.6,2,0,20.06
125,125,125,57,0,70.0,1.81,167,154,53,1.3,1149,26.6,1.5,1,2,12.32
126,126,126,55,0,63.2,1.59,161,168,69,1.49,1094,19.0,3.6,1,1,17.45
127,127,127,50,1,69.6,1.71,167,169,57,0.98,470,27.2,2.7,0,1,20.42
128,128,128,32,1,57.0,1.76,170,160,71,1.82,904,30.9,3.3,2,2,16.01
129,129,129,20,0,75.8,1.87,160,163,63,2.0,988,23.5,2.7,2,2,12.32
130,130,130,18,1,54.7,1.6,167,156,57,1.63,1134,22.7,3.4,2,1,15.86
131,131,131,30,1,62.2,1.69,164,134,67,1.24,1783,30.3,3.2,1,1,25.59
132,132,132,18,1,97.5,2.0,169,159,68,1.17,782,24.8,1.8,0,0,42.88
133,133,133,31,0,51.0,1.56,193,140,64,1.41,1347,28.6,3.5,0,1,25.42
134,134,134,31,0,71.0,1.81,199,158,68,1.87,1228,29.6,2.7,0,1,14.52
135,135,135,28,0,70.0,1.74,198,169,69,2.0,1468,28.4,2.8,2,1,21.91
136,136,136,23,1,57.8,1.87,172,142,54,1.46,1741,28.7,3.5,1,1,13.33
137,137,137,52,0,73.5,1.78,181,162,67,2.0,1325,21.1,2.3,1,2,18.08
138,138,138,18,1,94.7,1.52,161,141,66,1.4,1446,16.7,2.6,1,1,22.4
139,139,139,47,1,40.0,1.89,177,139,69,1.3,902,26.7,3.3,1,2,26.2
140,140,140,22,0,60.1,1.71,198,161,70,1.04,533,10.3,3.4,3,0,26.74
141,141,141,48,1,55.5,1.5,183,133,51,0.73,830,27.3,2.2,1,2,32.42
142,142,142,23,0,95.6,1.5,196,152,56,0.5,639,25.2,3.2,0,0,13.38
143,143,143,43,1,102.5,1.79,190,138,69,1.54,844,19.7,3.7,2,1,17.07
144,144,144,50,1,56.6,1.96,196,169,74,2.0,1299,24.8,1.6,1,1,20.69
145,145,145,30,1,40.0,1.67,176,120,55,1.39,1710,18.2,2.7,1,0,12.32
146,146,146,25,0,74.9,1.66,192,138,58,1.73,1766,28.7,2.3,3,0,15.98
147,147,147,19,0,82.8,1.79,192,127,74,1.18,1140,10.0,2.4,2,2,21.95
148,148,148,41,0,73.3,1.71,196,158,56,1.36,1234,30.1,3.2,2,2,25.83
149,149,149,53,1,55.3,1.98,177,169,51,0.83,1273,14.7,2.1,0,1,20.9
150,150,150,35,1,95.9,1.69,175,129,58,1.22,1674,27.5,2.1,1,2,24.01
151,151,151,33,1,89.6,1.62,175,137,56,1.09,906,23.9,1.6,1,0,25.68
152,152,152,21,1,86.3,1.86,167,143,73,1.26,1783,27.1,3.1,1,1,12.93
153,153,153,33,1,42.7,1.82,196,145,68,1.24,1436,26.3,3.7,2,0,42.84
154,154,154,33,0,103.3,1.72,180,162,58,0.66,1104,22.6,3.2,0,0,12.42
155,155,155,33,1,76.8,1.72,193,126,69,1.26,790,31.8,3.3,2,0,25.47
156,156,156,23,0,69.1,1.63,198,138,57,2.0,1549,21.4,3.3,0,0,31.27
157,157,157,30,1,75.6,1.82,196,138,74,1.31,925,32.4,3.3,1,2,15.35
158,158,158,18,0,42.0,1.74,197,120,57,2.0,1236,26.6,1.5,1,1,19.62
159,159,159,56,1,62.9,1.5,194,153,74,1.85,991,23.2,2.4,1,1,32.25
160,160,160,22,0,53.5,1.76,194,137,66,2.0,1395,13.1,2.3,3,1,17.16
161,161,161,21,0,90.7,1.75,190,135,54,1.03,1155,28.0,2.3,1,1,12.66
162,162,162,21,1,74.7,1.59,161,169,74,1.08,1379,15.2,2.5,1,1,21.53
163,163,163,50,1,82.6,1.71,164,160,63,1.33,1011,22.4,3.6,3,1,12.32
164,164,164,27,1,40.0,1.76,183,125,60,1.04,1783,21.9,3.3,2,1,12.32
165,165,165,27,0,70.1,1.58,169,156,63,0.82,797,28.1,3.4,1,0,24.04
166,166,166,29,0,40.2,1.7,184,152,70,1.82,744,13.2,2.6,1,1,18.63
167,167,167,19,0,76.4,1.79,189,132,57,1.41,1414,33.3,3.5,1,1,14.21
168,168,168,39,1,78.5,1.59,197,153,71,1.88,1009,26.0,3.7,3,0,16.24
169,169,169,20,0,82.6,1.6,174,149,63,2.0,775,22.9,3.3,0,1,15.06
170,170,170,34,1,91.2,1.5,193,165,61,1.13,905,24.0,3.4,2,0,24.8
171,171,171,23,1,46.7,1.65,164,159,68,1.81,1563,15.8,2.5,2,1,19.8
172,172,172,28,0,74.2,1.5,191,129,72,1.77,848,17.3,1.5,1,1,24.11
173,173,173,18,0,64.0,1.51,176,129,74,1.18,992,26.7,3.4,3,2,14.98
174,174,174,32,1,52.8,1.61,169,169,70,0.88,1375,24.2,2.7,3,0,18.1
175,175,175,47,1,40.0,1.73,170,160,66,1.27,1249,22.8,3.6,0,0,26.91
176,176,176,39,1,70.7,1.58,189,163,66,1.69,1146,21.9,3.2,1,0,21.17
177,177,177,41,1,77.0,1.5,190,146,56,1.3,1067,27.5,3.3,2,1,26.26
178,178,178,23,1,117.8,1.88,168,167,55,1.35,1259,32.3,1.6,1,1,14.24
179,179,179,50,0,57.3,1.72,197,133,56,2.0,950,11.1,3.2,0,2,22.6
180,180,180,22,0,103.1,1.72,168,166,59,1.07,978,23.1,1.9,0,1,16.79
181,181,181,29,0,77.4,1.69,179,132,74,1.11,712,27.0,3.5,0,2,16.23
182,182,182,18,1,84.1,1.78,194,145,64,2.0,686,30.3,3.3,1,2,14.46
183,183,183,29,1,40.0,1.86,180,169,63,1.26,986,25.3,1.5,1,0,19.92
184,184,184,42,1,66.0,1.6,196,159,52,1.93,1042,16.4,3.5,2,1,17.81
185,185,185,51,0,84.6,1.77,197,141,55,1.44,543,23.4,2.9,3,2,24.89
186,186,186,51,1,100.7,1.75,185,138,73,1.5,703,25.5,1.8,2,2,15.9
187,187,187,22,1,58.6,2.0,165,169,57,2.0,1402,30.0,3.5,2,1,20.99
188,188,188,21,0,57.4,1.74,179,161,73,2.0,457,27.7,2.5,1,0,24.67
189,189,189,26,0,42.2,1.91,174,127,72,1.65,455,23.6,2.9,1,1,24.27
190,190,190,18,1,61.3,1.6,191,135,67,1.09,609,13.7,1.6,0,2,14.7
191,191,191,18,1,66.6,1.62,192,156,58,1.3,1250,21.3,3.2,3,0,12.58
192,192,192,37,0,94.4,1.7,193,127,70,1.27,1183,16.4,3.4,2,0,19.3
193,193,193,45,1,111.9,1.73,177,129,54,0.92,1267,18.3,2.6,2,0,12.32
194,194,194,51,1,61.1,1.82,165,163,57,1.19,1171,31.7,2.5,2,2,45.75
195,195,195,18,0,96.0,1.82,198,144,58,1.19,323,23.8,1.8,1,0,12.32
196,196,196,27,0,89.7,1.67,172,130,64,1.46,729,27.7,3.4,2,1,17.56
197,197,197,34,0,61.0,1.69,190,159,63,0.99,1040,23.6,3.6,3,2,18.07
198,198,198,31,0,75.6,1.57,163,152,71,0.96,668,25.8,2.3,2,0,26.35
199,199,199,19,0,90.6,1.85,187,131,68,1.67,607,27.5,3.3,0,1,19.15
200,200,200,47,0,90.8,1.67,186,120,74,1.43,506,32.0,2.7,1,2,18.39
201,201,201,19,0,40.0,1.77,179,139,74,1.22,1173,27.7,1.6,1,2,19.2
202,202,202,27,1,112.6,1.79,174,167,60,0.69,1282,28.6,1.5,0,0,22.96
203,203,203,49,1,54.2,1.64,182,147,64,0.95,914,19.0,3.2,0,1,23.01
204,204,204,46,1,108.9,1.86,162,165,74,1.42,936,22.2,1.9,2,1,27.29
205,205,205,26,1,43.2,1.8,185,149,52,1.87,1019,23.5,2.1,2,1,27.59
206,206,206,18,0,61.1,1.74,191,159,69,1.36,1311,15.6,3.4,0,1,16.61
207,207,207,38,1,85.5,1.77,175,156,50,1.13,766,14.6,3.4,0,0,16.38
208,208,208,18,0,50.1,1.8,174,125,50,1.38,1185,30.8,3.4,1,1,29.04
209,209,209,45,1,129.9,1.75,197,154,73,1.97,757,23.5,2.4,3,0,36.13
210,210,210,47,0,93.3,1.73,184,123,62,1.45,998,15.1,1.7,2,1,12.32
211,211,211,45,0,73.7,1.7,190,167,67,1.11,1100,29.1,1.8,0,0,15.88
212,212,212,18,1,86.1,2.0,180,158,72,1.27,1173,19.7,3.5,0,2,13.06
213,213,213,18,0,40.0,1.77,189,137,74,0.6,829,24.7,2.6,2,0,16.35
214,214,214,43,1,56.4,1.8,174,161,74,1.03,327,10.0,3.2,1,0,21.21
215,215,215,45,0,60.7,1.63,170,139,74,1.18,1356,10.0,3.3,1,2,12.32
216,216,216,43,0,40.0,1.69,187,162,66,0.9,886,28.0,2.2,0,0,26.48
217,217,217,29,0,84.4,1.67,184,160,74,1.28,1475,10.0,2.1,3,1,17.62
218,218,218,18,0,67.5,1.71,185,166,58,1.81,1162,10.6,3.5,1,1,37.91
219,219,219,21,0,62.1,1.68,173,158,71,1.23,1186,26.4,3.5,2,0,15.6
220,220,220,41,1,83.7,1.92,161,163,59,1.37,1308,21.4,1.5,0,1,17.48
221,221,221,26,0,80.6,1.86,195,127,53,2.0,564,23.1,1.5,1,1,29.21
222,222,222,21,1,62.3,1.91,198,141,51,1.47,1394,22.7,1.8,1,1,17.4
223,223,223,49,0,97.4,1.67,171,132,72,1.97,1091,30.4,3.6,1,0,12.32
224,224,224,19,1,51.4,1.78,167,154,70,2.0,1218,29.8,2.1,1,1,13.61
225,225,225,31,1,79.1,1.74,192,167,74,0.93,1157,18.7,1.9,0,2,13.83
226,226,226,43,1,57.5,2.0,172,126,64,1.4,735,16.9,2.1,1,0,20.98
227,227,227,43,0,70.6,1.71,193,148,54,1.28,725,27.1,3.6,1,0,22.55
228,228,228,18,0,72.5,1.79,173,140,67,1.34,1629,27.3,2.7,3,0,19.58
229,229,229,44,0,68.0,1.66,182,146,68,0.82,1278,20.7,3.0,3,0,16.02
230,230,230,21,0,121.6,1.78,182,151,50,1.81,1242,21.0,3.5,2,1,16.63
231,231,231,44,1,55.1,1.9,196,165,55,1.26,901,26.9,2.6,1,0,22.13
232,232,232,58,0,51.2,1.72,165,139,70,0.79,1612,20.6,2.1,1,2,36.29
233,233,233,35,0,60.8,1.64,161,127,74,1.57,1132,20.7,3.7,1,2,19.54
234,234,234,26,0,64.7,1.75,172,157,52,1.35,1193,23.5,1.6,1,1,18.21
235,235,235,24,0,58.5,1.87,183,128,74,1.36,1034,24.8,3.3,2,0,24.49
236,236,236,31,0,49.1,1.7,162,167,63,1.1,891,23.5,2.9,1,0,15.73
237,237,237,39,0,67.8,1.59,164,158,74,1.65,1374,25.9,2.6,3,1,25.0
238,238,238,22,1,43.3,1.69,176,158,53,1.31,500,23.7,1.5,0,1,13.83
239,239,239,18,1,71.5,1.69,186,124,60,1.53,763,16.9,2.5,0,0,15.8
240,240,240,50,1,41.1,1.51,169,152,63,2.0,1069,24.9,1.5,2,1,31.59
241,241,241,28,1,73.2,1.76,171,159,61,1.21,973,26.4,2.0,2,0,12.32
242,242,242,41,0,117.7,1.67,189,123,58,2.0,1243,26.2,3.2,0,0,17.26
243,243,243,31,1,63.8,1.74,199,140,55,1.5,741,28.1,1.6,1,1,25.22
244,244,244,18,1,52.0,1.66,199,137,74,2.0,1314,26.7,3.3,1,0,20.41
245,245,245,25,0,73.3,1.5,185,169,67,1.38,433,30.6,1.5,2,0,22.55
246,246,246,18,1,50.0,1.83,163,140,64,1.41,969,19.0,1.9,1,1,14.29
247,247,247,34,1,90.0,1.74,194,167,57,1.36,764,25.0,2.6,2,1,13.77
248,248,248,39,1,109.6,1.84,199,152,74,1.27,790,26.7,3.5,0,1,19.77
249,249,249,18,1,43.5,1.77,161,136,57,2.0,452,24.4,3.3,3,0,21.96
250,250,250,20,1,115.4,1.73,187,154,63,1.12,878,30.7,3.5,1,0,27.02
251,251,251,22,1,47.4,1.91,161,164,73,2.0,1206,26.6,3.5,3,2,15.36
252,252,252,18,1,54.6,1.66,189,142,64,1.19,523,34.7,2.6,0,0,18.88
253,253,253,26,0,71.2,2.0,169,159,52,1.42,749,29.8,3.5,2,1,27.16
254,254,254,53,0,46.4,1.7,169,120,72,1.49,1415,21.9,3.4,2,1,14.08
255,255,255,18,0,69.9,1.78,160,143,74,2.0,930,19.6,2.0,1,2,12.32
256,256,256,20,1,64.9,1.69,187,128,54,0.68,1303,10.0,3.3,2,2,14.87
257,257,257,43,0,47.6,1.65,198,140,61,2.0,692,22.0,3.5,1,1,22.14
258,258,258,51,0,72.2,1.91,184,140,70,1.39,960,21.0,1.5,1,1,17.41
259,259,259,54,0,79.8,1.94,163,120,63,1.53,827,25.3,3.3,2,1,12.32
260,260,260,23,0,52.4,1.86,166,130,59,1.53,880,21.6,1.5,2,1,12.32
261,261,261,34,0,88.8,1.56,198,160,53,1.18,1086,32.6,3.4,2,1,30.43
262,262,262,29,0,101.5,1.9,175,165,74,1.46,1128,26.3,2.7,0,0,25.74
263,263,263,18,1,40.0,1.72,195,137,52,2.0,1783,18.6,1.5,2,0,12.77
264,264,264,24,1,40.0,2.0,173,126,50,1.1,1783,31.9,1.6,1,0,34.62
265,265,265,41,0,66.2,1.83,196,126,74,1.6,993,20.2,2.5,3,0,24.37
266,266,266,30,0,119.6,1.72,191,150,74,1.77,1006,13.1,2.2,2,2,13.32
267,267,267,38,1,40.0,1.5,172,169,59,1.52,1107,24.9,2.8,1,0,36.71
268,268,268,18,1,82.3,1.74,198,155,55,1.38,1368,26.0,3.3,0,2,17.15
269,269,269,54,1,71.2,1.7,190,120,58,1.21,708,14.4,3.1,2,1,12.46
270,270,270,34,1,53.0,1.92,199,134,68,1.12,790,19.8,3.5,2,2,16.18
271,271,271,56,0,45.7,1.96,192,153,71,2.0,868,11.4,2.0,2,1,21.34
272,272,272,18,0,79.6,1.75,168,125,54,1.26,682,25.1,2.4,1,1,12.32
273,273,273,42,0,105.3,1.67,175,143,74,1.1,1115,25.4,3.3,1,0,12.32
274,274,274,31,1,84.5,1.56,194,124,70,1.31,734,23.6,3.3,0,1,21.57
275,275,275,50,1,98.6,1.54,187,126,57,0.72,940,23.5,1.6,1,0,12.32
276,276,276,27,1,55.4,1.72,186,153,74,2.0,1281,10.9,2.4,2,1,14.56
277,277,277,41,0,40.0,1.77,168,154,74,1.14,628,19.9,3.4,3,0,24.52
278,278,278,26,0,63.9,1.75,199,121,72,2.0,638,23.6,3.4,2,1,23.96
279,279,279,31,0,40.0,2.0,192,134,55,1.44,1116,12.0,2.6,0,1,21.2
280,280,280,27,1,91.9,1.5,185,154,60,1.08,825,28.8,3.2,3,1,21.07
281,281,281,21,1,76.8,1.52,191,140,66,1.08,702,21.0,3.6,1,1,25.59
282,282,282,47,0,70.7,1.66,195,169,60,1.25,1033,16.7,3.5,2,1,14.61
283,283,283,33,1,40.0,1.88,196,162,58,1.59,1131,30.4,2.6,1,0,21.91
284,284,284,59,1,40.0,1.56,163,167,74,1.59,722,23.7,3.2,2,2,12.32
285,285,285,43,1,46.8,1.67,178,141,64,1.03,1403,26.1,3.2,1,0,14.13
286,286,286,27,1,100.7,1.75,163,166,61,1.28,1159,28.1,3.7,1,0,12.32
287,287,287,44,0,73.4,1.59,199,152,72,0.94,721,23.0,2.2,2,0,33.25
288,288,288,22,1,63.4,1.83,196,169,71,1.66,466,28.0,3.4,0,2,24.61
289,289,289,19,0,129.9,1.71,161,169,56,2.0,443,29.6,2.4,2,1,12.32
290,290,290,24,0,48.3,1.73,193,136,62,1.98,1404,22.0,3.5,1,0,13.22
291,291,291,45,0,80.5,1.89,183,134,74,1.02,1311,24.6,1.9,2,0,12.32
292,292,292,18,1,74.6,1.88,177,166,53,2.0,1010,18.0,2.2,3,0,30.5
293,293,293,21,1,66.7,1.93,175,166,63,1.26,949,27.8,3.4,0,1,13.53
294,294,294,31,0,55.0,1.6,172,164,53,1.85,1361,20.6,3.4,2,0,16.04
295,295,295,46,1,65.7,1.75,192,135,59,1.31,881,10.0,2.7,0,0,31.78
296,296,296,53,0,84.7,1.61,193,158,72,2.0,478,25.6,2.4,1,0,18.57
297,297,297,18,0,63.4,1.85,191,148,69,0.89,1106,21.4,2.3,3,2,15.64
298,298,298,48,0,61.8,1.71,172,140,62,1.37,1266,28.6,3.6,2,0,23.64
299,299,299,25,1,44.2,1.9,174,159,50,1.1,1293,25.7,2.5,2,1,19.26
300,300,300,18,0,43.1,1.75,183,138,53,1.95,437,19.1,3.6,0,1,18.14
301,301,301,18,1,92.1,1.59,171,150,54,1.17,968,21.8,2.4,3,1,25.66
302,302,302,31,1,58.7,1.66,183,149,74,1.15,1368,23.1,2.3,2,0,12.32
303,303,303,59,0,44.5,1.84,183,154,71,1.28,787,26.5,1.7,0,1,20.22
304,304,304,44,0,84.8,2.0,196,155,70,1.66,1439,12.1,1.7,0,0,14.34
305,305,305,57,0,80.0,1.79,167,127,54,1.01,312,24.3,2.6,2,1,13.16
306,306,306,20,1,87.1,1.91,186,150,51,1.39,1431,27.0,2.8,1,2,21.51
307,307,307,27,1,56.4,1.76,198,129,71,1.79,488,22.9,3.3,2,0,17.49
308,308,308,32,1,58.4,2.0,179,139,60,1.21,1379,23.3,3.2,2,1,22.61
309,309,309,42,0,68.5,1.75,187,167,54,1.3,708,15.4,1.6,2,0,33.91
310,310,310,55,0,67.1,1.58,199,122,71,1.86,960,21.7,1.5,2,1,28.07
311,311,311,31,0,55.7,1.8,168,167,64,1.53,600,34.4,2.8,2,2,25.27
312,312,312,39,0,63.2,1.74,181,157,54,1.62,900,13.9,2.1,3,0,15.32
313,313,313,40,0,64.6,1.55,198,133,74,1.39,303,21.4,1.5,0,1,16.91
314,314,314,26,0,56.7,1.73,168,144,71,0.68,1129,25.5,3.4,1,0,19.65
315,315,315,48,1,56.0,1.7,164,132,50,2.0,1148,26.6,3.1,0,1,19.44
316,316,316,54,0,74.9,1.69,195,153,62,1.1,1389,14.4,3.1,1,0,18.71
317,317,317,18,0,43.0,1.95,163,164,68,2.0,1349,18.5,3.2,0,1,12.32
318,318,318,59,1,70.2,1.77,172,124,68,1.47,1069,21.4,3.5,2,0,40.19
319,319,319,23,1,96.5,1.8,187,155,68,0.92,1465,29.3,3.2,1,0,12.32
320,320,320,30,1,56.6,2.0,184,125,52,1.29,918,28.9,3.3,0,0,23.89
321,321,321,38,0,40.0,1.88,164,154,70,1.63,1109,20.7,1.7,0,1,12.64
322,322,322,48,0,81.9,1.8,180,165,67,1.25,1410,24.0,3.5,2,1,18.28
323,323,323,47,1,121.4,1.61,164,155,74,0.94,934,24.7,2.5,0,0,30.03
324,324,324,21,0,70.5,1.84,173,127,66,0.97,1013,26.7,1.6,3,2,25.59
325,325,325,23,0,70.5,1.65,192,162,50,0.63,1186,27.1,2.6,0,1,20.02
326,326,326,46,1,54.8,1.69,194,148,74,0.52,846,16.5,3.5,1,2,22.85
327,327,327,42,1,72.0,1.9,184,147,67,1.48,1047,15.6,3.4,1,0,24.6
328,328,328,29,1,56.3,1.81,189,166,65,1.39,1066,14.3,2.9,1,0,22.34
329,329,329,47,0,51.4,1.88,176,125,58,0.88,1133,24.0,3.3,1,2,14.3
330,330,330,18,1,73.0,1.78,161,131,50,2.0,1319,26.1,1.5,3,0,12.32
331,331,331,50,1,87.9,1.68,192,151,71,2.0,494,15.5,3.1,1,2,31.28
332,332,332,35,1,53.0,1.67,183,128,72,1.29,682,21.9,2.2,1,1,16.71
333,333,333,43,0,46.3,1.61,190,136,69,2.0,1185,21.4,3.5,2,0,14.14
334,334,334,50,1,82.8,1.9,161,130,74,1.51,1151,16.8,3.3,2,2,28.59
335,335,335,53,0,82.9,1.6,170,148,55,1.93,541,17.8,2.5,1,1,12.33
336,336,336,18,0,71.9,1.54,177,120,73,1.17,817,16.8,2.6,1,0,29.64
337,337,337,27,1,41.0,1.82,171,138,53,1.47,1273,29.1,2.4,2,0,12.35
338,338,338,18,0,81.9,1.79,178,160,60,1.24,1172,28.5,1.7,1,2,12.32
339,339,339,18,1,67.7,1.69,192,123,57,1.44,1445,26.8,3.1,1,1,21.16
340,340,340,22,0,99.5,1.79,186,122,56,1.45,1783,27.6,3.5,0,1,23.56
341,341,341,31,0,47.4,1.73,178,150,57,1.64,962,28.8,2.0,2,2,20.91
342,342,342,18,1,71.1,1.84,189,127,74,0.85,1303,15.2,2.8,0,2,30.36
343,343,343,22,1,89.8,1.79,179,163,59,2.0,1098,28.2,1.7,1,0,12.32
344,344,344,28,0,81.7,1.81,177,130,50,1.45,507,23.2,1.7,1,0,34.26
345,345,345,40,1,40.4,1.68,171,130,54,2.0,527,27.3,3.3,2,2,20.47
346,346,346,56,1,40.0,1.63,181,133,50,0.89,1674,23.4,1.5,1,1,20.75
347,347,347,41,1,40.2,1.76,198,135,56,1.93,964,18.8,3.4,2,0,19.02
348,348,348,47,1,49.9,1.74,190,120,65,1.97,406,29.4,1.5,3,1,16.01
349,349,349,42,1,41.9,1.84,168,154,71,1.49,1029,30.6,2.6,2,1,22.97
350,350,350,26,1,40.0,1.72,164,169,58,0.89,1198,17.0,1.6,3,1,20.71
351,351,351,18,1,47.3,1.75,196,169,56,1.32,706,29.0,1.9,0,1,30.5
352,352,352,19,0,76.6,1.84,188,138,71,1.72,699,28.3,3.5,2,0,19.76
353,353,353,32,0,69.5,1.65,192,140,52,1.71,1163,29.8,3.5,2,0,15.8
354,354,354,46,0,68.6,1.63,177,150,58,2.0,1074,25.8,3.6,1,2,19.42
355,355,355,46,1,73.0,2.0,184,123,64,0.9,1159,10.0,3.4,3,2,14.91
356,356,356,52,0,40.8,1.71,181,169,73,1.44,303,28.3,1.6,1,0,18.31
357,357,357,19,1,42.1,1.6,194,148,73,1.27,1305,12.7,3.3,0,1,16.65
358,358,358,34,1,40.0,1.82,176,141,66,1.34,1709,24.1,3.0,2,0,15.3
359,359,359,18,0,67.1,1.71,174,165,74,1.84,577,27.1,2.7,2,2,24.9
360,360,360,53,1,67.2,1.68,190,138,55,1.67,924,22.6,1.5,1,0,13.91
361,361,361,29,1,72.1,2.0,166,124,67,2.0,1582,32.7,3.4,1,1,21.75
362,362,362,49,0,62.0,1.87,195,125,74,1.04,842,20.0,3.5,1,0,22.02
363,363,363,21,1,51.9,1.57,170,167,73,1.25,1082,27.5,1.6,1,1,18.89
364,364,364,33,1,92.8,1.59,161,150,52,1.19,1640,23.8,2.6,1,2,15.84
365,365,365,58,0,40.0,1.7,193,120,52,0.99,1178,21.2,2.5,3,0,12.32
366,366,366,36,0,44.9,1.79,166,120,74,1.66,811,16.2,3.3,1,0,29.4
367,367,367,33,1,78.6,1.7,161,168,65,2.0,855,10.0,3.2,0,0,16.53
368,368,368,42,0,54.0,1.69,179,169,53,1.19,458,25.7,3.3,1,2,14.91
369,369,369,29,1,53.8,1.66,163,133,64,2.0,1187,34.5,1.5,2,0,23.95
370,370,370,44,1,63.3,1.88,189,150,74,1.02,1184,16.5,3.5,2,0,13.03
371,371,371,42,0,98.1,1.73,165,120,69,1.52,477,21.7,1.9,0,1,15.29
372,372,372,32,1,87.2,1.5,193,152,58,1.28,1538,23.2,2.1,1,2,16.29
373,373,373,48,1,51.6,1.8,181,161,68,0.82,1487,22.5,1.9,2,1,13.29
374,374,374,21,1,69.4,1.85,177,153,74,1.55,879,10.0,2.4,1,1,17.58
375,375,375,38,0,77.4,1.54,169,149,50,2.0,867,29.0,3.6,3,1,13.58
376,376,376,42,0,82.3,1.94,198,132,57,1.46,1050,10.0,3.2,1,1,20.23
377,377,377,40,0,95.5,1.84,196,144,68,1.94,1568,26.7,3.7,1,0,17.55
378,378,378,19,1,60.7,1.7,183,128,74,1.22,817,20.9,2.8,2,0,35.87
379,379,379,34,1,40.0,1.88,188,131,54,1.29,840,11.9,1.9,1,2,18.81
380,380,380,37,0,63.1,1.84,185,158,56,1.3,1248,31.9,3.5,1,0,26.39
381,381,381,51,0,55.7,1.5,188,143,58,1.19,1302,27.7,2.0,1,0,28.28
382,382,382,52,1,53.1,1.55,184,167,50,1.95,1205,14.6,3.5,3,0,12.32
383,383,383,52,0,65.8,1.82,168,167,71,1.15,751,17.1,1.5,1,0,32.86
384,384,384,35,0,40.4,1.71,176,130,70,1.97,1110,17.0,3.6,2,2,29.32
385,385,385,45,1,40.0,1.75,194,120,50,1.67,1296,28.8,1.9,1,2,26.88
386,386,386,31,1,40.0,2.0,176,162,69,1.45,949,26.9,3.2,1,1,30.36
387,387,387,27,1,40.0,1.68,166,128,59,1.6,1112,10.0,2.6,2,1,19.67
388,388,388,18,1,73.0,1.89,172,153,56,1.19,596,15.6,3.4,3,0,17.22
389,389,389,35,0,127.6,1.65,174,156,56,1.9,1084,20.4,3.4,3,0,15.36
390,390,390,19,0,43.6,1.7,168,126,55,1.42,685,23.9,1.5,2,2,19.35
391,391,391,24,1,54.0,1.71,191,169,71,1.23,730,29.0,2.7,0,1,15.39
392,392,392,21,0,87.8,1.88,195,133,74,1.95,621,19.9,3.4,1,2,20.22
393,393,393,38,1,82.7,2.0,178,138,72,1.46,1219,25.8,3.6,2,0,24.74
394,394,394,33,1,84.0,1.7,194,156,73,0.5,580,20.5,2.5,1,2,13.38
395,395,395,18,0,58.4,1.87,167,168,74,1.42,1306,26.9,3.2,0,0,17.66
396,396,396,48,1,63.8,1.79,185,135,71,1.69,1242,29.7,1.5,2,0,25.54
397,397,397,45,1,94.6,1.69,178,147,56,1.95,1105,29.9,1.8,0,1,15.15
398,398,398,21,0,40.0,1.58,165,134,69,1.05,624,29.2,1.7,1,0,12.47
399,399,399,59,0,71.1,1.73,184,125,66,1.07,691,25.2,2.6,0,2,34.41
400,400,400,36,0,55.0,1.77,161,142,74,1.04,1564,19.8,3.2,0,1,21.97
401,401,401,22,0,48.6,1.72,177,156,70,1.39,708,25.4,3.4,1,0,20.42
402,402,402,42,1,57.3,1.73,194,153,65,1.97,1132,22.2,3.2,2,0,19.54
403,403,403,36,0,55.9,1.76,181,169,74,1.91,474,18.2,1.5,3,0,12.32
404,404,404,41,1,73.2,2.0,179,161,58,1.06,758,17.6,1.8,0,0,18.61
405,405,405,24,0,91.8,1.82,171,140,52,2.0,1065,16.1,2.7,2,1,24.37
406,406,406,55,0,51.9,1.64,171,150,68,1.05,1619,22.8,2.2,3,2,25.06
407,407,407,36,1,60.1,1.78,186,169,51,1.46,1108,35.0,2.0,1,0,16.06
408,408,408,18,0,40.0,1.56,196,149,56,0.79,1027,27.6,1.9,0,0,12.98
409,409,409,23,0,64.7,2.0,184,169,55,1.46,860,32.4,2.5,3,1,20.45
410,410,410,24,1,73.0,1.61,188,131,60,0.56,864,27.4,3.6,0,1,12.36
411,411,411,48,0,79.1,1.63,168,135,53,1.15,1302,35.0,3.3,2,0,27.86
412,412,412,47,0,82.2,1.72,174,126,70,1.15,1211,25.0,3.7,0,2,12.4
413,413,413,54,1,40.0,1.79,162,162,54,2.0,444,16.9,2.3,3,2,22.6
414,414,414,33,0,60.7,1.57,179,135,69,1.24,964,26.0,2.9,1,0,15.19
415,415,415,50,0,76.4,1.54,172,133,71,1.3,1311,25.2,2.1,1,0,33.64
416,416,416,49,0,95.6,1.67,164,134,74,1.71,466,26.0,1.8,1,1,14.67
417,417,417,25,0,85.1,1.98,185,148,58,1.29,785,22.5,3.5,2,0,14.37
418,418,418,34,0,72.9,1.71,164,122,73,1.78,432,27.8,1.5,0,1,20.67
419,419,419,30,0,42.2,1.63,177,134,74,2.0,685,26.4,3.7,1,1,28.27
420,420,420,49,1,40.0,1.76,193,124,72,1.3,1196,11.2,2.2,2,1,16.86
421,421,421,18,1,51.8,1.58,164,164,51,0.84,1110,25.8,3.5,1,2,16.04
422,422,422,22,1,64.6,2.0,196,137,73,0.85,704,21.4,2.5,1,2,22.43
423,423,423,47,1,66.5,1.79,193,155,51,0.69,1656,24.0,2.8,3,0,16.95
424,424,424,54,1,55.2,1.8,168,137,55,2.0,1472,27.0,3.1,2,1,23.47
425,425,425,49,0,105.3,1.83,165,150,70,1.53,699,31.4,3.7,1,0,39.35
426,426,426,18,1,74.1,1.76,170,135,62,1.24,1214,13.7,2.5,1,1,13.25
427,427,427,46,0,40.0,1.75,170,142,63,0.96,919,22.3,2.4,2,1,12.41
428,428,428,18,1,91.1,1.76,197,162,59,1.52,1362,28.8,3.4,1,0,14.34
429,429,429,21,0,49.2,1.64,177,164,53,0.58,1114,23.3,2.9,1,0,23.08
430,430,430,48,0,40.0,1.77,180,127,54,1.48,1460,27.2,2.4,3,2,18.51
431,431,431,48,0,60.0,1.92,165,140,72,2.0,1751,11.1,1.5,0,1,32.68
432,432,432,44,1,56.1,1.68,191,152,69,1.8,1223,15.4,2.6,2,1,17.28
433,433,433,45,1,59.5,1.61,194,121,55,1.3,741,24.5,2.0,2,2,21.71
434,434,434,58,1,73.5,1.93,175,169,61,1.45,1019,14.0,2.7,0,1,14.74
435,435,435,18,0,52.1,1.73,183,135,74,1.4,1141,23.9,3.1,1,0,12.32
436,436,436,59,0,60.6,1.92,180,168,55,1.46,1046,24.6,2.0,1,2,30.51
437,437,437,20,0,104.3,1.79,197,158,72,1.3,933,23.4,3.2,0,2,16.4
438,438,438,39,0,65.3,1.61,187,141,74,1.69,1783,30.3,3.4,1,2,21.86
439,439,439,52,1,47.8,1.79,168,144,68,0.95,715,27.3,2.4,3,2,17.21
440,440,440,18,0,51.1,1.83,180,130,57,1.05,939,17.0,3.0,1,1,16.85
441,441,441,34,1,62.5,1.87,185,167,73,0.96,1353,29.6,2.3,2,0,31.91
442,442,442,59,0,57.4,1.56,190,156,72,1.15,813,18.5,2.7,1,1,25.59
443,443,443,37,1,108.7,1.55,163,122,68,1.19,1104,26.9,1.6,2,1,26.23
444,444,444,41,0,40.0,1.6,164,143,73,1.52,727,23.5,3.4,3,1,15.53
445,445,445,23,1,90.0,1.58,172,164,60,0.78,682,25.0,3.2,2,0,12.32
446,446,446,28,0,91.6,1.68,191,128,59,0.68,1783,19.1,2.6,0,1,12.48
447,447,447,48,0,84.1,1.69,187,136,56,1.68,758,22.2,2.3,1,2,16.11
448,448,448,43,0,57.8,1.57,190,142,56,1.39,698,21.3,1.6,2,0,20.73
449,449,449,55,0,100.0,1.63,183,155,74,2.0,1256,10.5,2.4,1,1,12.32
450,450,450,30,0,61.9,1.55,181,150,72,1.93,1117,27.1,3.6,1,1,12.32
451,451,451,19,1,58.6,1.64,187,135,66,1.18,1564,10.0,3.4,1,1,21.91
452,452,452,21,1,80.8,1.8,195,137,64,1.1,1285,29.8,2.7,1,2,21.28
453,453,453,21,0,42.7,1.81,166,139,71,1.42,1044,26.0,3.2,1,2,12.32
454,454,454,29,1,60.9,1.86,191,152,60,1.79,1108,31.5,1.5,2,2,42.08
455,455,455,40,1,78.8,1.7,176,169,63,1.78,1179,21.1,1.9,0,0,17.55
456,456,456,37,0,85.3,1.69,162,136,71,1.49,859,22.8,3.4,2,1,19.95
457,457,457,47,0,84.8,1.58,180,157,54,0.83,940,26.3,1.9,3,1,17.99
458,458,458,43,1,57.4,1.69,166,143,66,1.14,775,23.7,3.3,1,0,13.31
459,459,459,33,1,40.0,1.81,189,157,71,1.32,1298,20.1,3.4,0,2,16.68
460,460,460,33,0,129.9,1.56,189,138,73,2.0,993,34.0,2.3,1,1,24.54
461,461,461,50,1,55.0,1.5,177,120,69,1.07,715,27.2,1.7,2,1,26.53
462,462,462,18,1,41.6,1.94,168,153,57,0.86,1068,25.0,3.1,2,0,19.74
463,463,463,43,1,56.9,1.68,161,154,61,2.0,742,26.5,2.0,1,0,21.48
464,464,464,20,0,84.8,1.74,165,151,59,1.49,717,24.9,3.4,2,2,14.13
465,465,465,24,0,96.9,1.88,181,166,72,1.36,1220,15.8,3.7,1,1,30.18
466,466,466,24,1,81.2,1.56,182,166,66,1.62,1148,25.5,2.7,2,2,31.34
467,467,467,53,0,70.5,1.9,198,146,69,0.84,766,31.9,2.9,3,0,16.4
468,468,468,38,1,58.7,1.72,189,152,58,1.21,1063,21.2,1.6,1,0,23.03
469,469,469,26,1,62.0,1.65,199,142,56,1.61,1361,35.0,3.5,0,2,13.96
470,470,470,18,1,100.6,1.74,179,138,68,1.2,1261,23.2,3.5,0,1,20.9
471,471,471,33,0,63.0,1.71,189,126,57,1.24,1175,25.6,3.2,1,0,15.02
472,472,472,45,1,52.7,1.82,172,129,69,0.62,1783,22.9,3.2,1,0,24.95
473,473,473,29,1,79.4,1.71,186,124,74,2.0,877,29.6,1.5,1,1,27.97
474,474,474,37,1,108.5,1.97,192,120,74,2.0,1091,27.2,1.5,0,0,23.59
475,475,475,34,0,73.9,1.75,192,165,74,1.64,816,35.0,1.5,1,1,22.1
476,476,476,36,1,72.8,1.63,184,130,68,1.44,669,25.1,1.7,1,2,12.32
477,477,477,34,0,57.6,1.7,167,141,68,0.88,710,14.7,1.5,1,1,15.66
478,478,478,48,0,49.3,1.74,179,142,74,1.31,723,19.2,3.5,2,2,19.2
479,479,479,18,1,41.6,1.85,181,169,52,2.0,1130,14.5,3.4,3,2,12.32
480,480,480,33,1,65.6,1.87,189,168,56,1.16,1437,16.3,3.5,0,0,17.53
481,481,481,43,0,73.6,1.79,170,169,72,1.16,1408,17.4,1.5,2,0,14.69
482,482,482,49,0,56.0,1.6,183,169,66,0.98,1263,27.9,1.7,3,0,20.47
483,483,483,48,0,40.0,1.66,189,120,74,1.36,614,14.8,2.1,1,0,12.32
484,484,484,44,0,88.2,1.88,192,169,51,2.0,1783,28.5,1.9,2,1,12.32
485,485,485,27,0,55.8,1.67,192,167,74,2.0,642,28.8,3.4,1,1,28.68
486,486,486,41,1,73.2,1.75,190,137,58,1.24,1048,30.4,3.4,0,2,23.65
487,487,487,44,1,40.0,1.72,179,124,74,0.85,1043,22.8,2.1,3,2,20.78
488,488,488,54,1,58.5,1.96,185,133,60,2.0,1131,13.1,2.5,1,0,18.11
489,489,489,45,0,57.5,1.55,190,123,54,1.33,893,28.8,3.3,1,0,17.65
490,490,490,24,0,55.6,1.73,175,120,71,1.09,775,17.2,3.0,2,1,22.74
491,491,491,32,0,42.4,1.79,176,135,56,1.63,843,27.1,1.5,0,1,18.17
492,492,492,33,0,77.0,1.69,191,154,58,1.16,1187,29.1,3.2,2,1,12.32
493,493,493,28,0,74.7,1.69,163,158,58,1.37,854,14.0,3.4,2,1,13.79
494,494,494,59,1,65.1,1.68,161,144,62,2.0,1050,26.1,2.0,3,2,23.59
495,495,495,21,0,40.0,1.8,176,122,73,1.37,1171,10.0,3.7,1,0,19.84
496,496,496,23,1,64.3,1.58,160,123,62,1.02,1360,22.0,3.4,2,0,19.45
497,497,497,20,0,43.6,1.6,165,141,60,1.37,1783,16.9,1.5,2,0,15.52
498,498,498,21,1,100.4,1.62,188,128,73,1.4,614,29.3,3.3,0,0,33.21
499,499,499,48,0,73.8,1.88,191,151,59,1.88,1783,19.2,2.0,2,0,12.32
500,500,500,23,1,52.3,1.74,184,122,65,1.38,915,10.0,3.5,2,0,18.17
501,501,501,51,1,57.3,1.71,188,169,50,1.09,1375,28.1,3.6,0,2,19.69
502,502,502,20,1,92.8,2.0,195,154,58,1.44,676,24.3,1.5,2,1,16.6
503,503,503,18,1,56.2,1.75,164,127,57,1.45,952,29.6,3.5,2,2,17.29
504,504,504,24,0,65.3,1.74,178,168,63,1.12,984,25.6,3.3,2,1,19.87
505,505,505,37,1,60.2,1.76,194,169,72,1.7,1114,31.4,1.8,2,1,32.81
506,506,506,54,0,56.6,1.67,199,123,60,1.09,962,25.0,3.1,3,1,12.32
507,507,507,30,0,40.0,1.83,188,137,71,1.47,1783,26.9,3.6,3,2,20.31
508,508,508,34,1,63.8,1.8,192,129,54,1.92,1229,13.8,3.1,2,1,14.24
509,509,509,43,0,43.9,1.82,173,164,72,1.61,567,16.3,3.2,1,0,19.29
510,510,510,55,0,91.1,1.85,190,149,74,1.49,649,31.8,3.0,1,0,29.5
511,511,511,43,0,40.0,1.55,172,159,59,1.28,1480,19.9,3.0,1,2,21.42
512,512,512,49,0,40.0,1.89,192,168,50,1.51,837,29.4,3.5,1,0,16.63
513,513,513,27,0,96.8,1.73,174,136,71,1.91,887,31.7,2.6,1,1,19.05
514,514,514,36,1,69.0,1.76,191,153,73,1.01,1276,16.7,2.9,2,0,13.89
515,515,515,20,1,43.5,1.52,189,146,63,2.0,1213,24.3,2.5,2,1,25.35
516,516,516,55,1,54.2,1.62,197,127,56,1.18,335,28.3,2.4,0,0,20.94
517,517,517,34,1,59.8,1.77,186,151,55,0.97,792,23.0,2.1,1,1,24.41
518,518,518,18,0,52.2,1.75,171,165,72,1.45,570,26.1,3.4,2,0,12.48
519,519,519,40,1,45.4,1.84,167,156,50,1.13,771,11.5,3.5,2,1,12.32
520,520,520,28,0,62.1,1.68,191,130,74,0.85,1098,13.9,2.8,2,1,28.14
521,521,521,26,1,72.8,1.57,196,138,61,1.04,1382,29.8,3.4,0,2,16.61
522,522,522,27,0,73.5,1.92,168,155,50,1.18,1048,14.2,3.4,3,1,18.37
523,523,523,51,0,87.1,1.77,185,126,60,1.46,990,21.1,3.4,0,0,12.9
524,524,524,45,1,76.3,1.67,177,168,50,1.41,1013,11.6,3.1,1,2,14.42
525,525,525,33,0,75.5,1.85,181,147,59,1.22,1267,21.8,2.8,1,1,18.19
526,526,526,44,0,49.3,1.55,193,168,72,1.48,918,21.5,3.6,3,0,21.77
527,527,527,56,0,92.0,1.86,184,167,71,1.56,999,24.2,2.1,3,2,31.52
528,528,528,35,1,44.0,1.59,168,144,54,1.39,1040,29.0,3.4,0,1,27.49
529,529,529,46,1,92.6,1.76,197,144,74,0.96,1291,13.8,3.3,0,1,12.37
530,530,530,23,1,83.0,1.74,160,120,72,1.35,1628,21.0,3.3,3,1,15.13
531,531,531,21,0,78.5,1.8,179,169,59,1.64,683,23.9,2.7,2,0,22.33
532,532,532,56,0,56.2,1.69,198,155,74,1.64,1486,24.4,1.8,0,0,21.59
533,533,533,58,1,87.4,1.64,188,148,57,0.56,1249,10.0,3.5,1,2,16.94
534,534,534,26,1,92.2,1.59,176,143,55,1.57,1050,24.5,2.4,2,1,23.0
535,535,535,18,1,83.1,1.94,188,153,56,1.41,1180,24.4,3.3,1,1,17.84
536,536,536,53,0,76.2,1.67,185,142,68,1.55,804,25.5,3.4,1,0,18.46
537,537,537,46,0,48.4,1.82,163,163,68,1.51,1221,19.2,3.7,3,1,12.32
538,538,538,24,0,47.3,1.92,189,155,74,1.4,505,29.5,3.4,3,1,12.34
539,539,539,31,0,71.4,1.68,180,143,68,1.37,606,23.8,3.2,0,1,21.59
540,540,540,24,1,103.6,1.88,175,154,60,1.55,436,20.9,3.2,1,0,13.85
541,541,541,35,0,81.0,1.78,196,151,67,2.0,1246,10.0,3.3,1,0,19.74
542,542,542,21,0,80.0,1.67,167,169,57,0.94,899,29.8,3.1,1,1,17.15
543,543,543,29,0,40.0,1.77,191,169,58,1.2,613,22.2,2.2,2,1,29.56
544,544,544,37,1,48.3,1.81,167,134,69,1.97,1276,26.1,1.8,1,1,20.81
545,545,545,18,1,44.8,1.67,193,137,61,1.3,719,21.6,2.3,2,0,12.32
546,546,546,54,1,68.9,1.78,187,155,60,1.42,913,30.7,3.4,1,0,17.82
547,547,547,27,0,40.0,1.72,178,132,72,0.83,857,27.3,3.2,2,1,17.8
548,548,548,35,0,66.7,1.72,171,153,65,1.15,776,18.7,2.5,2,0,22.98
549,549,549,39,0,70.3,1.74,170,152,59,2.0,864,20.4,1.5,1,1,17.03
550,550,550,26,1,57.8,1.61,162,135,65,1.91,684,18.2,3.7,1,0,12.32
551,551,551,18,1,40.0,1.72,193,138,74,1.41,726,28.0,3.7,0,2,32.62
552,552,552,33,1,79.8,1.53,172,148,72,1.98,1132,14.7,1.7,1,1,16.6
553,553,553,47,0,74.7,1.77,195,130,68,1.93,1056,22.1,3.4,2,1,24.44
554,554,554,38,1,101.8,1.51,163,169,72,1.42,1384,25.6,3.3,2,0,20.89
555,555,555,42,0,86.7,1.7,196,135,68,1.22,923,27.2,3.2,1,1,17.49
556,556,556,18,1,40.9,1.87,160,140,50,1.28,1261,17.1,2.1,2,1,39.61
557,557,557,28,1,87.3,1.51,190,168,56,2.0,1306,32.0,2.3,2,1,14.46
558,558,558,26,1,89.2,1.81,161,169,61,1.34,820,23.5,2.6,2,0,27.63
559,559,559,30,1,100.1,1.76,170,160,55,1.43,1694,25.9,1.8,1,1,15.73
560,560,560,18,0,80.8,1.85,188,141,74,1.19,838,12.1,3.5,0,0,14.81
561,561,561,58,0,68.6,1.72,164,155,72,1.23,797,27.2,2.5,0,0,12.32
562,562,562,46,0,45.7,1.96,168,137,64,1.38,1303,29.8,3.3,0,1,22.82
563,563,563,19,0,55.2,1.71,172,136,74,1.93,670,10.0,3.1,2,0,20.85
564,564,564,31,0,91.7,1.74,172,166,56,1.28,892,19.8,3.1,2,2,12.32
565,565,565,47,1,78.7,1.69,170,144,57,1.0,845,24.5,1.9,2,0,22.0
566,566,566,28,0,40.0,1.57,165,169,68,1.04,669,30.2,2.6,0,1,15.05
567,567,567,22,1,47.1,1.87,165,132,68,0.72,674,31.7,3.2,0,1,34.98
568,568,568,23,1,85.1,1.79,194,138,55,1.16,829,23.7,2.6,2,1,19.2
569,569,569,48,0,87.9,1.5,180,164,68,1.41,974,22.1,2.6,2,0,13.04
570,570,570,24,0,74.2,1.58,177,140,71,1.28,780,23.6,1.9,2,1,30.92
571,571,571,22,1,49.6,1.87,190,137,54,1.6,1326,30.5,1.9,3,0,14.25
572,572,572,18,1,63.9,1.86,161,147,51,1.83,1178,24.0,3.3,0,0,24.05
573,573,573,54,1,69.8,1.75,170,131,72,1.29,954,32.0,3.2,0,0,21.66
574,574,574,42,0,40.5,1.64,196,137,59,1.12,1150,13.4,3.7,3,1,12.32
575,575,575,18,0,43.8,1.96,193,142,50,1.03,1590,29.7,3.6,0,2,21.88
576,576,576,24,0,45.7,1.63,199,144,71,0.94,1137,19.6,1.8,0,2,12.32
577,577,577,25,1,40.8,1.69,194,145,54,1.65,1353,24.4,2.5,2,0,22.31
578,578,578,59,1,82.0,1.51,185,121,70,1.82,625,28.5,2.2,2,2,24.72
579,579,579,29,0,60.9,1.92,192,151,67,1.5,1407,18.0,3.5,3,0,43.3
580,580,580,27,1,55.0,1.68,169,136,64,1.07,1389,24.6,2.1,2,1,18.54
581,581,581,34,0,80.0,2.0,173,125,56,1.82,773,22.3,2.8,2,1,14.62
582,582,582,24,1,44.3,1.65,189,129,56,1.9,972,27.8,3.3,0,0,15.86
583,583,583,24,1,63.6,1.74,199,135,61,1.31,486,26.1,2.2,0,2,25.85
584,584,584,29,0,50.2,1.89,197,125,51,1.46,1286,27.6,3.3,0,2,15.27
585,585,585,58,1,43.6,1.67,176,142,74,1.13,1089,26.7,3.4,2,1,28.29
586,586,586,38,1,60.5,1.72,187,139,50,1.34,1096,20.9,3.7,2,1,25.58
587,587,587,39,0,76.7,1.86,193,122,65,1.29,1770,23.1,3.2,1,0,17.75
588,588,588,18,1,71.9,1.88,177,159,57,2.0,1571,10.0,2.4,1,1,15.96
589,589,589,25,0,59.2,1.84,168,160,51,1.53,1476,25.1,3.7,2,1,13.81
590,590,590,27,1,57.4,1.89,193,128,51,0.92,1121,22.4,3.5,2,1,16.0
591,591,591,33,1,69.5,1.75,178,131,74,1.51,1651,32.4,1.6,1,2,21.58
592,592,592,23,1,47.4,1.96,161,142,65,1.18,441,18.7,1.6,1,0,21.34
593,593,593,33,1,76.5,1.75,198,139,57,1.22,984,12.5,3.4,1,0,32.82
594,594,594,18,0,53.5,1.68,198,134,74,1.9,368,28.1,3.1,3,1,23.57
595,595,595,25,0,83.1,1.72,182,167,67,0.89,771,23.8,2.3,2,0,12.32
596,596,596,47,0,70.4,1.93,177,153,74,1.28,846,23.5,1.6,1,1,12.32
597,597,597,39,0,50.3,1.94,164,160,66,0.58,992,10.0,2.9,2,0,14.72
598,598,598,20,1,66.2,1.85,196,120,58,0.84,420,24.9,1.5,2,0,12.32
599,599,599,19,0,51.4,1.84,169,152,58,1.14,1175,20.9,3.5,3,2,16.95
600,600,600,58,0,78.3,1.52,176,123,74,1.49,1063,30.5,3.4,1,1,25.33
601,601,601,31,0,79.4,1.56,171,126,69,1.42,963,21.3,3.1,1,2,26.3
602,602,602,25,1,72.5,1.78,177,142,67,1.99,1047,27.4,3.0,2,2,12.32
603,603,603,21,1,92.1,1.77,175,167,74,1.66,737,25.3,3.3,2,1,17.16
604,604,604,55,0,72.6,1.55,191,137,50,2.0,1084,24.1,2.5,1,1,19.76
605,605,605,40,1,76.7,1.68,177,133,57,0.89,984,27.3,3.1,0,2,23.76
606,606,606,39,1,91.0,1.73,165,169,72,1.49,813,23.3,3.4,0,2,22.08
607,607,607,26,0,78.3,1.58,184,141,68,1.5,1436,15.0,3.7,1,0,28.61
608,608,608,26,0,54.2,1.64,190,151,65,0.82,1184,16.7,3.3,0,0,19.39
609,609,609,19,0,64.8,1.6,189,149,59,0.5,880,22.3,1.9,2,1,21.61
610,610,610,25,0,45.5,1.58,182,136,69,2.0,1137,17.4,1.7,0,1,15.04
611,611,611,42,0,59.0,1.89,175,142,63,1.25,1092,27.7,3.5,3,0,17.68
612,612,612,43,0,89.2,1.73,163,135,67,1.51,1367,14.5,3.5,1,0,25.4
613,613,613,47,0,108.3,1.67,176,169,69,1.07,1204,27.6,3.7,0,1,13.44
614,614,614,48,0,45.9,1.94,169,141,74,1.13,1507,29.1,3.2,3,1,12.32
615,615,615,18,1,107.0,1.75,177,155,71,2.0,645,27.0,3.2,3,1,27.94
616,616,616,39,1,40.7,1.84,197,145,55,1.48,1128,25.3,1.5,2,0,22.28
617,617,617,50,0,88.5,2.0,181,146,72,1.33,1088,11.9,2.3,2,0,17.26
618,618,618,27,0,62.5,1.67,186,129,65,1.2,1783,23.2,1.5,1,1,26.22
619,619,619,43,0,79.0,1.73,186,158,55,1.2,1146,25.2,3.6,2,1,19.64
620,620,620,27,0,40.0,1.85,177,156,65,1.58,1014,24.0,3.7,3,2,22.49
621,621,621,19,1,51.8,1.6,176,159,72,1.14,574,25.3,2.0,2,1,16.69
622,622,622,38,0,89.3,1.58,184,135,58,1.58,995,24.0,2.9,2,2,19.02
623,623,623,33,1,40.0,1.75,185,125,54,2.0,870,18.7,1.8,1,0,17.77
624,624,624,50,0,102.6,1.62,198,138,66,1.48,1149,10.0,2.7,3,1,18.48
625,625,625,18,1,69.2,1.62,164,167,62,1.5,1721,25.0,2.3,3,0,33.3
626,626,626,19,1,75.3,1.67,166,130,58,1.22,928,27.4,3.2,1,1,23.17
627,627,627,45,1,45.9,1.51,195,142,57,1.64,303,29.8,2.7,1,0,12.32
628,628,628,59,1,66.9,1.57,178,120,71,1.44,1153,27.5,3.3,0,1,20.4
629,629,629,37,1,44.2,1.5,194,154,74,1.11,612,24.0,3.5,0,1,20.62
630,630,630,18,0,46.0,1.79,177,140,68,2.0,1386,23.6,3.2,1,1,18.0
631,631,631,18,1,74.8,1.76,186,134,68,0.5,1783,21.8,3.5,2,2,23.47
632,632,632,54,1,46.3,1.62,161,138,60,1.03,1175,32.2,2.5,2,1,19.44
633,633,633,24,1,87.1,1.9,196,122,51,1.42,1153,27.6,3.3,1,0,36.55
634,634,634,43,0,40.0,1.89,169,134,54,0.57,1267,21.4,1.5,2,1,12.32
635,635,635,18,0,67.9,1.81,194,137,73,1.19,1405,33.8,3.2,0,0,12.32
636,636,636,33,1,49.7,1.82,179,169,71,1.55,968,32.2,3.6,2,2,21.87
637,637,637,49,1,88.4,1.75,192,145,74,1.27,493,23.5,2.2,1,0,12.42
638,638,638,35,1,40.3,1.79,183,120,68,1.24,1420,14.5,1.7,3,0,13.37
639,639,639,34,1,72.1,1.78,167,163,58,0.84,536,12.1,2.9,1,1,12.32
640,640,640,50,0,103.8,1.54,185,169,56,2.0,766,27.3,3.1,1,0,12.32
641,641,641,36,0,85.1,1.73,194,156,74,1.41,1024,28.9,3.5,2,2,13.22
642,642,642,18,1,81.0,1.64,175,169,74,1.99,878,21.7,1.5,0,2,13.42
643,643,643,47,0,74.1,1.87,168,123,70,0.95,1030,14.8,1.5,1,0,21.54
644,644,644,45,0,47.9,1.71,194,169,70,0.78,772,23.5,2.8,1,1,20.37
645,645,645,25,1,113.3,1.75,187,155,74,1.44,564,22.1,1.6,1,1,21.36
646,646,646,23,0,78.2,1.9,180,131,55,0.85,888,16.2,2.3,1,0,29.89
647,647,647,25,1,40.0,1.68,175,123,66,0.74,1783,27.9,3.5,1,2,14.27
648,648,648,23,0,69.2,1.73,180,165,70,2.0,765,23.3,1.8,2,1,21.96
649,649,649,48,0,91.3,1.58,175,152,72,1.25,1576,28.9,3.4,0,1,19.62
650,650,650,46,1,68.2,1.88,172,167,70,1.41,723,17.2,2.6,3,0,32.75
651,651,651,18,0,45.1,1.86,182,169,64,0.92,1482,25.5,3.7,0,2,18.99
652,652,652,20,1,70.5,1.65,179,144,74,0.6,1151,15.5,3.5,0,1,12.32
653,653,653,18,0,83.6,1.86,170,162,74,0.83,732,22.7,2.8,0,2,24.77
654,654,654,37,0,58.0,1.6,168,143,52,1.28,834,21.0,3.6,2,1,22.2
655,655,655,52,0,40.0,1.91,194,151,59,1.96,535,23.4,1.5,2,1,23.62
656,656,656,30,0,40.0,1.62,166,164,73,1.23,1046,25.2,3.7,3,2,14.53
657,657,657,23,0,83.5,1.5,194,142,63,2.0,767,25.8,2.9,2,1,12.32
658,658,658,49,1,60.2,1.62,162,155,72,1.11,1105,23.4,3.1,1,0,16.85
659,659,659,33,0,40.0,1.79,189,144,67,2.0,1285,27.2,2.6,1,1,15.69
660,660,660,48,1,87.3,2.0,190,159,61,1.97,897,10.7,3.5,3,2,18.2
661,661,661,49,1,40.0,1.77,175,127,73,1.2,1109,24.7,2.4,1,2,25.41
662,662,662,18,1,50.9,1.73,170,137,58,1.43,804,23.5,3.7,0,1,17.61
663,663,663,55,0,59.9,1.53,178,157,54,1.23,1044,26.9,3.4,2,0,31.33
664,664,664,44,1,66.8,1.97,194,126,65,1.66,1382,18.5,1.6,2,1,23.14
665,665,665,37,1,75.8,1.63,192,131,64,0.98,921,26.5,1.5,2,0,14.0
666,666,666,21,0,51.6,1.5,175,149,66,2.0,863,25.2,2.0,1,0,24.7
667,667,667,27,0,55.4,1.88,187,134,53,2.0,855,16.3,2.6,3,0,14.33
668,668,668,23,1,72.9,1.51,190,164,57,1.29,925,22.3,1.5,0,0,40.08
669,669,669,30,0,80.2,1.91,192,135,62,1.47,1461,16.5,3.7,0,2,28.49
670,670,670,45,1,121.2,1.67,186,133,55,2.0,466,16.7,3.4,2,0,30.69
671,671,671,36,0,100.2,1.93,199,166,60,0.98,1076,24.6,2.7,2,1,16.49
672,672,672,45,1,84.1,1.71,161,169,56,1.38,480,22.4,3.4,1,2,38.83
673,673,673,51,1,52.0,1.92,173,164,74,1.31,706,25.7,1.5,0,0,14.05
674,674,674,25,1,70.7,1.7,165,160,53,0.99,808,23.5,2.1,1,0,18.29
675,675,675,52,0,50.8,1.8,199,159,63,1.51,1153,24.9,2.4,2,1,16.16
676,676,676,42,0,77.0,1.63,185,136,68,1.07,1029,29.2,1.5,3,0,15.93
677,677,677,31,0,50.1,1.69,185,169,64,1.68,1001,27.4,1.6,2,0,22.3
678,678,678,18,1,89.2,1.88,189,167,58,2.0,1126,29.7,3.5,2,1,13.63
679,679,679,18,0,70.8,1.96,196,130,61,1.46,708,25.2,2.2,1,1,12.32
680,680,680,50,1,59.1,1.74,181,156,51,1.01,985,30.1,3.5,0,2,24.07
681,681,681,46,0,67.5,1.76,160,150,74,1.43,577,20.0,2.6,2,1,17.39
682,682,682,27,0,41.4,1.69,191,169,56,1.99,647,23.2,2.8,3,1,16.26
683,683,683,24,0,80.0,1.59,198,125,70,1.68,1263,15.3,3.6,1,1,14.62
684,684,684,24,1,95.5,1.57,181,158,67,1.47,1609,32.5,2.0,2,1,26.3
685,685,685,18,1,66.9,1.76,163,169,55,1.15,1018,24.2,3.0,1,0,16.52
686,686,686,18,1,82.8,1.5,197,134,74,1.79,1009,30.5,3.3,1,2,19.41
687,687,687,26,1,79.7,1.64,194,148,55,2.0,1462,21.8,3.2,2,1,26.9
688,688,688,33,0,71.8,1.51,190,167,59,1.84,1321,26.6,3.2,2,2,12.97
689,689,689,35,1,73.4,1.57,169,138,67,1.14,977,32.4,3.0,2,2,25.05
690,690,690,54,0,45.8,1.62,163,135,66,1.26,1703,15.2,1.6,2,1,17.99
691,691,691,44,0,106.8,1.65,171,143,71,1.54,1295,17.1,3.5,1,2,25.4
692,692,692,19,1,59.8,1.7,181,120,73,1.54,1130,29.6,3.5,1,0,22.56
693,693,693,44,1,52.5,1.65,174,169,51,1.95,1783,29.4,2.0,0,0,16.41
694,694,694,58,1,56.5,1.76,180,139,74,2.0,1396,24.1,3.4,0,1,28.26
695,695,695,18,1,49.9,1.74,177,161,70,2.0,950,23.0,3.4,2,1,17.53
696,696,696,18,0,76.1,1.64,196,169,63,1.43,686,34.8,1.5,1,2,33.24
697,697,697,28,0,67.1,1.9,184,169,59,1.61,587,20.8,2.7,1,0,12.32
698,698,698,18,0,53.9,1.69,187,169,56,1.34,752,13.6,3.3,1,1,15.23
699,699,699,34,0,79.3,1.65,181,149,64,1.4,501,12.0,2.3,0,0,24.84
700,700,700,18,0,40.0,1.88,165,145,71,1.59,1121,22.6,3.4,0,0,14.1
701,701,701,35,1,75.7,1.74,189,136,74,1.7,854,24.0,1.5,0,1,12.47
702,702,702,29,1,82.5,1.79,190,132,69,0.9,664,10.0,2.3,0,0,34.85
703,703,703,19,1,40.0,1.84,199,123,74,1.34,904,30.2,3.1,1,0,16.34
704,704,704,20,0,73.0,1.59,175,165,70,0.96,869,30.1,3.0,3,0,15.01
705,705,705,23,0,56.5,1.97,169,151,56,2.0,1380,28.6,2.6,1,1,13.2
706,706,706,27,1,75.4,1.58,192,169,63,1.3,1386,16.9,3.6,1,0,15.63
707,707,707,48,1,59.6,1.78,181,152,53,1.65,1741,23.2,3.3,2,0,12.32
708,708,708,29,0,57.2,1.84,168,141,74,1.56,303,16.8,2.4,3,2,29.68
709,709,709,39,0,74.3,1.63,178,169,57,1.35,1376,25.9,3.2,1,2,20.29
710,710,710,54,1,63.8,1.92,188,131,57,0.98,1117,20.7,1.6,3,1,26.75
711,711,711,21,0,45.1,1.87,192,138,69,1.89,1071,25.8,2.3,3,1,19.64
712,712,712,20,1,57.1,1.66,168,146,74,1.17,1040,24.6,3.5,0,1,17.57
713,713,713,43,1,68.8,1.79,188,122,73,1.56,350,23.4,1.5,2,0,14.27
714,714,714,55,0,98.6,1.6,197,167,74,1.16,802,22.1,2.9,2,1,14.29
715,715,715,36,1,45.8,1.59,177,126,74,0.92,1221,32.9,3.0,1,2,30.03
716,716,716,53,0,47.5,1.66,166,156,55,1.1,1766,22.5,1.6,1,0,32.14
717,717,717,52,1,88.0,1.87,180,128,74,1.44,1058,32.2,1.7,2,1,27.54
718,718,718,43,1,76.3,1.66,188,164,58,0.84,606,25.7,1.8,1,0,28.19
719,719,719,31,0,85.9,1.7,162,143,56,2.0,1455,28.0,3.3,1,2,12.78
720,720,720,28,1,93.7,1.77,192,142,57,1.45,1230,14.8,3.6,0,1,23.62
721,721,721,26,1,83.6,1.79,171,128,72,0.7,1247,25.4,3.2,1,0,27.91
722,722,722,40,1,79.9,1.51,175,169,64,1.44,1277,26.2,1.5,3,2,14.09
723,723,723,45,0,70.2,1.82,167,139,67,1.32,953,10.0,1.5,2,1,13.6
724,724,724,40,0,44.2,1.7,161,160,64,1.71,979,23.7,3.4,1,1,24.1
725,725,725,49,1,90.6,1.78,181,130,63,1.27,1002,28.2,2.3,1,1,15.66
726,726,726,40,0,56.8,1.54,166,167,71,1.06,1225,27.6,1.7,2,0,12.32
727,727,727,51,0,48.7,1.5,168,140,58,0.93,1108,27.3,3.2,0,1,12.32
728,728,728,41,0,72.3,1.66,165,142,74,1.4,758,25.6,3.6,2,0,23.85
729,729,729,43,0,68.0,1.78,183,120,58,2.0,1030,22.8,1.5,2,1,17.25
730,730,730,44,1,46.7,1.81,191,132,58,1.45,1113,10.0,3.5,2,2,23.21
731,731,731,30,1,59.4,1.87,190,122,50,1.77,1337,25.5,2.8,2,0,23.2
732,732,732,18,0,75.9,1.7,183,151,51,1.01,1289,30.1,3.2,0,0,24.94
733,733,733,47,0,45.1,1.73,193,152,57,1.25,918,29.7,2.8,1,2,14.58
734,734,734,25,0,64.6,1.51,194,127,55,1.4,1155,26.9,3.5,0,2,17.74
735,735,735,45,0,61.1,1.74,171,164,69,1.16,1019,19.6,2.8,1,0,16.37
736,736,736,47,0,70.1,1.71,199,139,74,1.15,1238,25.1,2.5,2,0,19.95
737,737,737,28,1,50.3,1.81,176,156,70,1.46,1143,31.8,1.9,1,0,26.47
738,738,738,28,1,59.9,1.7,169,163,65,1.26,1474,11.7,2.9,2,0,33.85
739,739,739,41,1,52.8,1.68,192,132,59,1.47,1709,29.6,3.5,2,0,12.32
740,740,740,51,0,62.7,1.73,198,140,50,1.98,1656,18.2,3.6,2,1,33.87
741,741,741,34,1,76.4,1.84,164,161,69,1.2,978,17.0,3.0,1,0,21.69
742,742,742,52,1,54.7,1.93,193,135,62,2.0,416,31.9,3.2,0,1,34.32
743,743,743,18,0,49.0,1.72,190,153,60,0.72,862,24.4,2.8,2,2,17.26
744,744,744,30,1,46.3,1.59,166,133,54,1.33,1001,23.8,2.2,0,1,17.74
745,745,745,35,0,68.2,1.7,178,137,52,2.0,1181,23.5,3.3,1,1,31.92
746,746,746,36,0,85.1,1.67,184,131,53,1.03,608,19.7,2.1,2,1,20.8
747,747,747,56,0,63.7,1.74,161,158,65,1.94,1297,28.6,3.2,1,2,14.53
748,748,748,34,1,40.0,1.68,183,167,64,1.45,1642,28.2,2.3,1,1,17.03
749,749,749,56,1,64.7,1.78,199,129,62,1.1,941,11.5,2.4,1,1,13.72
750,750,750,28,1,56.5,1.73,198,136,74,1.23,991,14.5,3.6,3,0,13.82
751,751,751,18,1,56.9,1.74,180,149,59,0.89,1441,22.0,3.2,0,1,19.82
752,752,752,18,1,115.8,1.68,177,150,74,1.11,629,24.2,3.6,3,1,20.56
753,753,753,45,1,46.0,1.76,165,135,69,1.05,1121,24.0,1.5,3,1,28.92
754,754,754,47,0,46.9,1.91,162,145,53,1.17,733,23.8,1.5,1,1,14.88
755,755,755,49,1,110.8,1.62,162,169,59,1.34,1783,11.5,1.7,2,1,21.26
756,756,756,19,1,97.4,1.75,173,144,56,1.27,917,27.1,3.2,2,1,28.45
757,757,757,42,1,117.7,1.71,198,149,74,0.89,943,23.7,1.8,2,0,26.89
758,758,758,28,1,51.1,1.66,161,154,65,0.86,944,31.1,3.3,3,1,19.67
759,759,759,44,0,65.0,1.57,165,168,70,1.02,1232,27.9,3.6,1,0,32.75
760,760,760,24,1,86.3,1.71,191,150,50,1.33,1166,33.3,1.8,1,0,18.7
761,761,761,39,1,43.3,1.68,184,128,51,1.5,712,13.2,1.5,0,1,17.06
762,762,762,52,1,40.0,1.71,165,157,74,1.64,1001,18.6,2.8,2,1,17.27
763,763,763,59,0,72.8,1.65,172,165,55,1.17,1104,15.4,3.4,1,0,14.86
764,764,764,29,0,65.0,1.77,194,152,66,1.34,715,25.2,1.8,0,0,23.25
765,765,765,46,0,61.2,1.79,190,157,72,1.05,947,22.6,2.5,1,0,17.28
766,766,766,27,0,63.3,1.9,183,148,67,0.58,933,20.0,3.2,2,1,22.45
767,767,767,40,0,95.3,1.86,171,130,67,1.46,796,10.0,2.0,2,0,22.23
768,768,768,35,1,124.8,1.75,176,161,59,1.2,1240,10.0,3.3,1,1,28.03
769,769,769,18,1,75.4,1.97,177,136,67,0.76,1371,29.7,3.1,0,0,15.43
770,770,770,46,1,49.8,1.91,160,146,65,2.0,1009,29.4,3.0,1,2,12.84
771,771,771,18,1,61.0,1.67,163,139,70,1.22,361,27.4,3.4,0,2,17.17
772,772,772,33,0,73.0,1.69,196,135,67,1.93,881,10.0,2.2,0,1,23.54
773,773,773,30,1,88.2,1.72,191,155,54,1.28,911,27.2,2.2,2,2,15.42
774,774,774,34,0,61.7,1.81,183,141,72,0.98,1443,31.4,2.6,2,2,20.6
775,775,775,30,1,45.4,1.73,197,151,50,1.27,1200,23.1,3.6,2,2,17.33
776,776,776,30,1,40.0,1.87,186,140,56,1.57,848,26.6,2.6,3,0,12.87
777,777,777,22,1,129.9,1.62,185,141,52,1.62,571,27.2,1.8,2,1,12.32
778,778,778,53,0,71.9,2.0,191,161,74,1.6,1286,29.0,3.7,3,1,12.32
779,779,779,44,0,115.6,1.5,186,145,55,1.65,1075,25.1,3.5,0,0,18.41
780,780,780,26,0,64.7,1.61,197,137,74,1.48,1088,25.1,2.2,3,1,24.23
781,781,781,52,1,58.2,1.71,182,161,50,1.49,1364,28.7,3.5,1,1,21.89
782,782,782,49,1,53.8,1.81,185,169,71,1.56,1345,25.3,2.4,2,1,19.34
783,783,783,26,0,63.6,1.77,173,145,55,1.29,1586,18.9,2.8,1,0,22.45
784,784,784,41,0,65.7,1.57,170,169,71,1.13,708,26.5,1.9,3,0,12.32
785,785,785,59,0,65.5,1.78,168,139,56,1.26,505,22.8,2.0,0,1,28.6
786,786,786,28,0,40.0,1.81,194,164,57,1.57,1070,21.3,3.4,1,0,37.33
787,787,787,48,1,40.0,1.67,169,168,57,2.0,833,17.8,2.2,1,2,12.32
788,788,788,54,0,76.8,1.79,189,132,64,1.32,815,20.7,2.1,2,0,20.66
789,789,789,26,0,92.4,1.59,165,169,55,1.49,1783,24.9,1.5,2,1,22.09
790,790,790,28,1,88.5,1.64,160,163,50,1.25,1190,31.7,3.2,1,0,26.98
791,791,791,52,0,54.3,1.73,185,137,57,2.0,1783,20.5,3.1,1,1,22.75
792,792,792,23,1,71.2,1.56,170,140,68,0.79,1014,21.8,3.5,2,0,13.25
793,793,793,26,0,64.1,1.68,190,168,55,1.35,1175,28.1,3.4,0,1,39.84
794,794,794,18,0,45.3,1.75,190,169,69,0.82,808,28.4,3.7,0,2,26.5
795,795,795,21,0,76.0,1.72,196,160,73,1.51,1306,28.8,3.5,1,2,12.32
796,796,796,41,0,40.0,1.69,192,138,66,0.95,1556,26.0,2.6,2,0,19.94
797,797,797,30,1,129.9,1.78,189,120,74,1.51,828,20.0,1.5,0,0,30.83
798,798,798,27,0,62.9,1.73,187,157,54,0.99,569,27.9,2.4,2,0,28.52
799,799,799,28,1,69.3,1.99,183,154,62,1.97,827,14.4,1.5,2,1,18.72
800,800,800,38,1,60.6,1.81,170,159,71,1.45,577,24.8,3.7,1,2,13.74
801,801,801,59,0,40.0,1.65,179,163,71,1.93,823,23.4,3.4,1,0,22.78
802,802,802,33,0,56.6,2.0,173,131,71,1.65,680,24.1,1.9,1,1,37.62
803,803,803,27,0,75.2,1.96,172,132,61,1.22,829,14.9,2.7,1,0,21.52
804,804,804,25,1,42.2,1.82,185,140,56,0.86,373,17.9,3.5,2,1,29.27
805,805,805,29,0,57.0,1.7,168,160,61,0.74,976,17.7,2.8,2,2,12.32
806,806,806,49,1,128.5,1.96,196,138,68,0.5,1165,26.1,3.4,0,0,22.89
807,807,807,28,0,45.0,1.8,187,162,74,1.82,1395,23.2,2.7,2,2,12.32
808,808,808,18,0,78.5,1.81,190,127,74,1.38,466,29.9,1.7,2,2,15.7
809,809,809,50,0,49.4,1.91,188,131,74,1.11,963,17.6,2.7,0,0,17.89
810,810,810,27,0,50.3,1.66,180,131,74,1.12,677,27.6,1.8,0,1,39.72
811,811,811,40,0,61.0,1.88,171,138,62,1.38,1180,24.9,2.0,0,2,12.32
812,812,812,59,1,79.3,1.79,198,162,74,1.78,933,25.2,2.7,2,1,16.0
813,813,813,57,0,40.0,1.62,190,123,57,1.43,1093,25.2,3.2,3,0,21.11
814,814,814,18,1,48.6,1.95,175,152,57,1.87,862,23.1,1.6,1,0,12.32
815,815,815,50,0,102.2,1.65,198,157,64,1.64,1123,17.3,3.3,2,1,17.77
816,816,816,48,0,40.0,1.75,196,133,74,2.0,517,12.8,2.5,2,0,12.32
817,817,817,41,0,69.6,1.63,193,169,55,1.46,1157,27.9,3.7,2,0,32.29
818,818,818,18,1,51.4,1.83,195,141,54,0.97,1145,23.7,1.7,0,2,16.63
819,819,819,22,1,96.9,1.8,163,132,56,0.94,748,21.7,2.5,2,1,24.29
820,820,820,26,0,64.3,1.7,192,140,65,1.51,1236,33.9,3.6,1,1,39.07
821,821,821,42,0,40.0,1.72,197,139,74,1.64,1143,24.0,1.5,1,1,19.15
822,822,822,37,1,40.0,1.92,194,128,72,1.89,1753,10.0,3.4,3,0,15.24
823,823,823,30,0,85.4,1.71,188,169,74,1.17,744,21.6,3.6,2,1,20.15
824,824,824,33,0,72.9,1.58,178,153,57,0.94,1139,25.9,3.5,0,0,18.97
825,825,825,25,0,48.8,1.84,186,168,65,1.68,972,25.0,1.7,1,1,16.6
826,826,826,38,1,53.6,1.7,188,126,73,0.97,1083,30.4,3.4,2,1,12.32
827,827,827,47,1,77.9,1.76,164,139,59,1.29,1233,34.0,2.8,0,0,15.38
828,828,828,35,1,68.5,1.73,175,142,58,1.2,840,19.3,2.1,0,2,12.32
829,829,829,32,0,113.1,1.73,165,135,58,1.5,1081,26.2,3.3,2,0,12.32
830,830,830,25,1,61.3,1.77,173,167,50,1.88,1760,35.0,3.1,2,1,17.69
831,831,831,38,1,41.1,1.67,184,133,74,0.63,804,25.6,2.8,3,2,14.26
832,832,832,36,1,78.2,1.63,191,169,74,2.0,1381,23.1,2.7,1,1,21.82
833,833,833,35,1,94.6,1.69,167,158,57,0.75,1534,33.1,2.0,2,1,22.21
834,834,834,28,0,68.8,1.73,198,169,66,1.46,1279,31.4,1.6,1,0,12.38
835,835,835,27,0,43.4,1.71,184,165,71,1.24,945,10.0,3.6,0,1,25.15
836,836,836,40,0,40.0,1.74,173,164,72,1.33,1194,22.7,1.5,2,0,12.32
837,837,837,24,1,70.3,1.87,191,127,62,1.75,1285,23.9,1.5,0,2,14.32
838,838,838,18,1,64.7,1.67,167,152,74,1.38,1506,26.0,1.7,2,2,19.63
839,839,839,59,1,61.0,1.62,191,162,74,1.69,499,14.6,1.8,1,2,21.37
840,840,840,37,0,44.2,1.61,168,164,73,1.13,1011,28.8,2.5,2,2,14.92
841,841,841,18,1,77.8,1.76,183,157,74,1.27,1086,24.6,3.3,1,0,16.37
842,842,842,53,1,53.5,1.71,195,169,54,1.04,900,25.1,2.7,1,1,33.56
843,843,843,44,1,63.7,1.62,176,166,54,1.16,1142,23.0,3.2,3,1,12.32
844,844,844,30,0,40.0,1.93,180,143,74,1.94,916,17.2,2.3,0,0,12.32
845,845,845,25,0,68.8,1.73,182,133,74,1.65,851,28.8,1.8,1,2,12.32
846,846,846,53,0,68.9,1.6,191,155,70,0.89,874,10.2,1.6,1,1,27.19
847,847,847,25,1,100.4,1.76,173,169,58,0.85,1465,30.4,1.8,1,0,17.45
848,848,848,50,0,60.4,1.72,184,124,74,2.0,494,27.9,3.0,2,1,20.81
849,849,849,18,0,42.6,1.56,180,169,62,1.27,1497,27.1,3.6,2,0,12.46
850,850,850,59,0,97.4,1.57,199,153,70,0.73,877,18.1,3.3,2,0,27.67
851,851,851,21,1,46.4,2.0,198,135,74,1.0,497,29.7,1.8,0,0,23.07
852,852,852,38,1,87.9,1.75,183,130,74,1.54,1273,24.2,1.6,1,0,12.32
853,853,853,40,1,87.8,1.64,161,145,59,1.63,849,22.5,2.6,2,1,17.55
854,854,854,52,0,62.4,1.91,191,161,63,2.0,1783,27.3,3.2,0,0,15.2
855,855,855,20,0,65.7,1.81,189,165,55,1.66,733,35.0,3.5,2,1,25.06
856,856,856,23,0,51.4,2.0,182,158,65,1.07,738,31.7,2.6,2,1,15.31
857,857,857,34,0,75.2,2.0,196,141,73,1.13,753,33.8,3.6,2,1,16.39
858,858,858,34,1,77.7,1.81,187,149,54,1.08,842,33.0,3.0,0,2,12.32
859,859,859,23,0,40.0,1.89,162,126,60,0.74,1237,24.7,2.9,1,0,17.09
860,860,860,43,0,80.5,1.68,190,135,58,1.1,1099,21.7,2.1,3,0,25.52
861,861,861,18,1,40.0,1.78,167,133,62,0.86,963,16.9,3.7,2,2,21.42
862,862,862,28,0,109.4,1.58,170,165,74,1.94,619,21.9,2.2,3,0,21.16
863,863,863,57,0,40.0,1.58,165,140,55,1.33,1783,24.7,2.6,2,0,14.94
864,864,864,44,0,79.5,1.73,184,155,56,1.57,1058,17.8,2.6,2,1,25.45
865,865,865,21,0,68.5,1.61,191,169,74,1.18,1278,19.9,3.1,1,1,18.59
866,866,866,44,0,87.5,1.88,173,132,66,1.21,1643,26.9,3.1,0,1,21.72
867,867,867,56,1,54.5,1.76,196,148,74,1.4,659,32.1,2.8,2,1,27.02
868,868,868,33,0,55.4,1.6,185,144,67,2.0,1015,30.6,2.7,2,2,20.82
869,869,869,32,1,85.7,1.53,185,133,52,1.02,1108,24.0,3.4,1,2,14.19
870,870,870,34,0,58.2,1.7,189,134,55,0.73,785,24.0,1.6,2,1,12.46
871,871,871,30,1,72.5,1.91,189,142,58,1.44,976,28.2,3.6,0,1,26.6
872,872,872,20,1,90.3,1.68,169,135,59,1.1,758,10.5,1.7,2,0,31.04
873,873,873,42,0,95.2,1.76,178,158,56,1.21,770,25.3,2.0,0,2,16.06
874,874,874,26,1,75.0,1.91,181,168,74,1.1,943,24.8,2.0,1,1,21.87
875,875,875,26,1,61.5,1.51,185,155,74,1.35,1079,31.4,3.4,2,1,21.29
876,876,876,28,0,101.9,1.5,196,164,56,1.87,1211,23.8,3.2,0,1,15.07
877,877,877,54,0,41.4,1.6,163,169,71,1.62,1385,10.0,1.6,3,2,20.92
878,878,878,18,1,71.3,1.78,167,129,72,0.86,1238,20.6,1.5,2,2,34.18
879,879,879,42,1,46.2,1.72,167,130,69,1.19,945,24.6,2.9,0,2,19.47
880,880,880,54,1,47.2,1.75,160,134,68,1.18,1001,23.9,1.9,2,0,20.0
881,881,881,55,0,129.9,1.89,177,157,66,0.81,1154,15.2,2.4,2,1,20.1
882,882,882,28,1,75.7,1.85,160,157,64,1.59,1179,29.7,1.5,1,1,37.5
883,883,883,18,0,69.0,1.66,196,141,56,1.46,1251,25.7,2.4,2,1,18.23
884,884,884,19,1,72.5,1.73,184,135,71,1.12,1392,11.9,3.5,1,0,29.87
885,885,885,40,0,68.2,1.5,197,153,71,1.24,484,24.1,3.5,2,1,12.45
886,886,886,49,0,105.0,1.63,170,139,70,1.53,1065,24.0,1.5,2,1,18.89
887,887,887,50,1,62.5,1.67,172,121,56,1.14,1415,20.9,2.5,3,1,28.47
888,888,888,26,1,72.4,1.68,196,169,53,2.0,1082,29.8,2.5,0,2,21.68
889,889,889,55,0,93.1,1.82,172,148,60,1.22,1039,17.3,2.6,2,0,20.51
890,890,890,48,0,122.3,1.71,183,120,63,0.79,992,10.0,2.6,2,0,18.9
891,891,891,29,0,70.8,1.85,160,142,52,1.5,1624,14.2,3.5,0,2,15.46
892,892,892,52,1,51.5,1.6,184,162,65,1.46,1339,25.2,3.2,2,2,12.32
893,893,893,18,0,57.1,1.61,198,129,66,0.94,1064,31.7,2.4,0,2,19.32
894,894,894,36,0,64.4,1.97,166,153,59,1.45,1132,27.9,2.9,1,0,23.33
895,895,895,52,1,63.0,1.72,184,131,54,1.48,804,21.5,1.5,2,2,34.06
896,896,896,29,1,77.2,1.89,192,152,58,2.0,858,25.6,3.2,1,1,19.23
897,897,897,18,0,40.0,1.66,190,147,50,1.6,1287,27.6,1.9,3,2,22.99
898,898,898,30,0,76.3,2.0,193,132,59,1.11,548,34.9,3.2,1,0,17.54
899,899,899,29,0,71.2,1.8,176,139,68,1.4,354,10.0,3.4,0,2,31.75
900,900,900,55,1,104.9,1.56,187,155,58,0.87,1260,27.8,3.5,1,0,12.68
901,901,901,34,0,102.1,1.53,178,152,50,2.0,1783,26.5,2.1,1,0,38.34
902,902,902,31,0,63.6,1.57,165,169,74,1.09,1148,15.1,3.4,2,0,13.15
903,903,903,26,1,68.6,1.7,172,167,57,1.32,501,25.4,1.5,1,1,18.29
904,904,904,33,1,46.0,1.71,163,145,54,1.29,671,21.4,3.1,0,2,14.68
905,905,905,36,1,79.7,1.75,168,132,74,1.67,445,23.9,3.4,2,1,25.28
906,906,906,33,0,108.7,1.75,199,131,74,0.86,1080,24.1,1.9,1,0,16.46
907,907,907,45,0,61.4,1.76,194,120,68,1.22,909,21.4,2.8,0,0,21.75
908,908,908,21,0,69.2,1.87,168,127,68,1.47,1275,24.1,2.9,3,2,14.59
909,909,909,52,1,67.4,1.72,160,134,51,1.49,1307,17.0,2.6,0,1,15.39
910,910,910,29,0,40.0,1.64,178,130,69,1.15,1093,27.4,3.4,1,1,14.89
911,911,911,47,0,46.0,1.58,172,147,72,1.37,1098,28.5,3.7,0,2,15.45
912,912,912,34,1,89.1,1.78,174,120,51,1.52,574,27.6,1.5,2,1,20.61
913,913,913,57,1,70.4,1.72,181,161,57,1.3,983,29.9,3.6,1,1,22.21
914,914,914,24,1,65.7,1.84,165,146,74,1.59,954,17.8,2.8,3,1,16.06
915,915,915,26,1,82.2,1.69,189,139,70,1.45,1184,10.0,2.5,3,1,18.01
916,916,916,18,0,110.3,1.76,168,169,55,1.86,1391,33.0,3.5,3,2,16.38
917,917,917,54,1,42.7,1.72,191,153,74,2.0,987,13.6,1.5,3,1,19.11
918,918,918,35,0,98.0,1.59,179,141,62,1.04,729,14.2,1.5,1,0,18.32
919,919,919,37,0,94.5,1.84,160,158,61,1.2,1063,26.6,2.6,1,1,12.32
920,920,920,30,0,57.6,1.66,169,160,67,1.86,1332,30.9,2.7,2,1,30.42
921,921,921,31,1,40.0,1.74,194,155,68,1.4,716,30.6,1.5,2,2,20.16
922,922,922,28,1,40.3,1.69,166,169,69,0.5,864,24.9,2.6,1,2,20.42
923,923,923,53,1,60.8,1.66,199,121,69,1.12,926,26.5,3.6,2,0,12.32
924,924,924,56,1,72.0,1.77,191,168,62,1.55,1144,30.0,2.7,0,1,23.34
925,925,925,44,1,94.4,1.75,163,154,58,1.66,881,24.1,2.9,1,2,12.32
926,926,926,34,0,77.9,1.87,183,169,59,1.28,691,24.0,3.4,0,0,15.67
927,927,927,48,0,62.9,1.67,198,164,64,0.84,1098,24.5,3.3,3,0,24.26
928,928,928,33,1,59.6,1.6,187,127,69,1.41,573,22.7,2.2,1,0,21.54
929,929,929,46,0,50.0,1.5,182,149,64,1.44,929,23.8,3.3,0,2,16.09
930,930,930,36,0,61.2,1.93,166,145,55,0.77,1015,18.8,1.5,2,1,12.32
931,931,931,36,0,82.5,1.66,166,134,50,0.95,640,11.2,3.4,3,1,21.01
932,932,932,57,0,58.3,1.73,164,132,50,1.48,492,27.7,3.6,1,0,19.23
933,933,933,31,1,53.0,1.83,182,149,55,1.33,821,23.6,3.4,2,2,22.89
934,934,934,38,0,81.1,1.92,190,125,61,1.18,690,26.1,3.1,2,2,17.99
935,935,935,49,0,65.7,1.77,182,139,74,1.18,744,26.8,3.1,0,1,23.0
936,936,936,21,1,81.8,1.83,182,163,53,2.0,1159,29.2,2.7,2,0,22.27
937,937,937,28,0,91.2,1.77,164,162,55,1.28,648,25.4,3.3,0,1,18.88
938,938,938,22,1,88.9,1.6,182,148,74,1.39,1386,28.9,2.5,1,2,32.24
939,939,939,43,1,88.5,1.72,185,131,67,1.48,1140,23.6,3.3,2,0,28.7
940,940,940,46,1,85.9,1.7,180,148,66,1.77,1088,13.8,3.4,0,1,21.8
941,941,941,18,1,56.5,1.86,193,129,54,1.4,901,20.6,3.5,2,1,13.7
942,942,942,18,1,71.9,1.54,170,121,59,1.48,658,18.9,2.6,2,1,24.65
943,943,943,44,1,66.8,1.72,191,136,68,1.34,1239,31.5,2.8,2,1,22.21
944,944,944,55,0,46.3,1.7,187,139,52,2.0,1130,27.3,1.5,1,0,32.94
945,945,945,57,1,72.4,1.65,168,162,56,1.71,1140,10.9,2.5,2,0,28.3
946,946,946,41,1,70.7,1.81,191,134,62,1.53,1381,30.3,3.3,0,1,23.32
947,947,947,52,0,45.0,1.75,196,143,74,2.0,926,22.0,2.4,1,0,38.8
948,948,948,18,0,74.8,1.83,165,144,63,1.66,1174,22.9,3.1,0,1,15.29
949,949,949,31,0,61.1,1.69,190,123,64,0.62,1227,23.8,3.6,0,2,19.83
950,950,950,34,0,44.3,1.76,180,129,58,1.85,494,25.8,3.2,2,2,16.48
951,951,951,47,1,69.7,1.83,184,121,70,1.02,747,30.2,1.9,3,0,20.78
952,952,952,33,1,41.9,1.59,166,165,50,2.0,898,24.6,3.2,1,1,14.53
953,953,953,47,0,52.9,1.67,180,142,72,1.11,770,22.9,1.5,1,1,30.5
954,954,954,47,1,70.5,1.67,166,168,58,1.74,898,30.0,3.2,1,1,46.78
955,955,955,27,0,40.0,1.76,192,169,56,2.0,602,28.0,3.4,1,2,31.97
956,956,956,51,1,51.6,1.83,194,161,67,2.0,1057,27.6,2.2,1,0,24.12
957,957,957,18,0,83.3,1.59,165,169,72,1.19,997,25.7,3.3,1,0,31.83
958,958,958,20,1,67.7,1.84,193,122,66,1.19,900,13.7,3.4,3,1,19.76
959,959,959,43,1,57.8,1.78,197,163,52,1.42,1418,28.6,1.6,0,0,14.84
960,960,960,45,1,59.0,1.87,199,157,55,1.11,613,18.2,3.2,0,0,31.55
961,961,961,29,0,61.5,1.88,182,152,72,1.62,793,24.2,3.3,2,2,23.84
962,962,962,26,0,68.6,1.75,184,140,60,1.26,681,29.4,1.8,1,2,20.02
963,963,963,49,0,77.9,1.75,196,169,64,1.24,1267,24.8,3.5,1,1,14.38
964,964,964,23,0,40.9,1.75,187,136,50,1.14,1135,24.8,3.4,1,1,12.32
965,965,965,18,1,68.7,1.77,161,169,68,1.01,1011,27.3,3.5,1,1,17.0
966,966,966,23,1,114.9,1.61,180,120,56,1.27,891,28.0,3.3,1,0,22.67
967,967,967,47,1,65.6,1.77,190,154,54,1.59,413,23.1,3.6,0,1,14.47
968,968,968,20,0,90.9,1.69,198,142,74,1.35,927,18.1,3.2,2,0,16.23
969,969,969,40,1,61.0,1.89,196,123,71,1.45,625,27.4,3.6,1,0,23.16
970,970,970,18,1,66.8,1.66,166,135,59,2.0,803,23.2,3.0,0,0,12.56
971,971,971,56,1,42.6,1.61,190,161,60,1.24,1260,23.0,3.6,2,2,23.68
972,972,972,56,0,88.8,1.7,173,129,52,1.79,933,24.1,1.5,2,1,12.32
973,973,973,34,0,83.2,1.64,171,164,69,1.19,1392,22.9,3.5,1,0,14.97
974,974,974,38,0,99.1,1.5,185,159,74,1.38,995,17.8,1.5,2,0,24.56
975,975,975,43,1,77.8,1.7,180,149,58,1.38,1643,14.9,2.8,3,0,16.55
976,976,976,18,1,47.8,1.85,161,156,50,1.02,1265,30.8,3.2,3,0,12.32
977,977,977,24,1,40.0,1.82,168,120,74,1.28,303,25.0,3.6,1,0,17.95
978,978,978,35,0,91.0,1.55,174,136,74,0.99,1216,27.0,3.5,1,2,16.0
979,979,979,21,1,86.3,1.74,184,169,61,1.85,993,24.9,3.4,0,1,22.21
980,980,980,26,1,64.6,1.82,196,165,55,1.46,1699,28.1,3.3,2,1,19.63
981,981,981,23,0,59.6,1.81,160,146,71,1.54,1382,22.6,2.8,3,1,12.32
982,982,982,46,0,53.7,1.5,177,169,54,1.62,1245,26.8,3.7,2,2,22.71
983,983,983,55,0,58.9,1.56,197,125,58,0.73,1103,22.1,3.5,1,1,30.52
984,984,984,31,1,79.4,1.58,163,125,74,1.49,663,24.0,2.4,1,1,12.32
985,985,985,26,1,83.1,1.52,163,139,51,1.95,925,10.0,2.8,1,0,20.05
986,986,986,31,0,61.7,1.52,177,160,54,0.54,1266,23.1,1.7,2,1,12.32
987,987,987,27,1,66.6,1.7,171,149,73,1.43,1321,26.6,3.3,2,2,13.51
988,988,988,45,0,106.3,1.84,172,123,61,1.15,1177,16.9,2.6,2,2,30.72
989,989,989,30,0,62.3,1.53,185,153,68,1.3,1382,20.5,1.6,0,1,34.48
990,990,990,48,1,83.0,1.55,164,169,67,1.27,1287,21.5,3.5,0,2,22.88
991,991,991,35,1,75.4,1.64,198,167,63,1.14,1045,20.5,1.5,1,1,30.23
992,992,992,30,0,98.3,1.84,178,161,74,1.58,576,23.3,1.6,1,1,16.15
993,993,993,38,0,46.5,1.65,182,169,70,1.34,806,24.1,3.5,0,0,12.32
994,994,994,44,1,61.6,1.65,167,158,74,1.11,1223,23.8,2.9,2,0,15.25
995,995,995,31,0,64.0,1.85,184,147,71,1.05,571,27.0,2.0,3,1,14.26
996,996,996,18,1,59.1,1.69,180,155,57,1.99,1505,27.5,1.9,2,0,17.36
997,997,997,24,0,45.1,1.6,195,163,66,2.0,453,31.2,1.6,0,1,22.88
998,998,998,33,1,85.0,1.73,161,128,64,1.34,812,16.6,3.2,2,0,13.34
999,999,999,21,0,77.9,1.8,199,169,56,1.3,1171,19.7,3.4,1,1,19.98
1000,1000,1000,20,1,40.0,1.52,192,151,63,1.5,572,25.1,3.7,2,0,25.64
1001,1001,1001,59,1,44.8,1.67,189,130,63,1.29,1021,29.8,3.6,1,2,12.32
1002,1002,1002,51,0,66.4,1.77,184,147,55,0.97,1531,33.1,3.6,1,2,14.27
1003,1003,1003,50,1,40.0,2.0,192,155,56,0.82,829,24.6,2.4,1,1,16.67
1004,1004,1004,42,1,96.2,1.63,164,148,74,1.38,887,16.3,1.6,0,2,25.15
1005,1005,1005,45,0,54.0,1.86,170,148,65,1.36,670,28.9,3.5,1,1,16.72
1006,1006,1006,22,1,71.1,1.68,164,160,74,1.51,955,10.0,3.3,2,1,16.09
1007,1007,1007,47,0,48.6,1.55,176,165,74,0.71,1305,15.6,2.7,0,0,27.31
1008,1008,1008,34,0,100.1,1.97,192,164,73,2.0,1747,25.5,1.5,2,1,22.68
1009,1009,1009,27,1,83.5,1.67,162,129,65,1.48,1517,25.8,3.3,0,0,18.45
1010,1010,1010,18,1,52.4,1.74,181,169,63,0.83,889,10.0,2.8,2,2,13.4
1011,1011,1011,48,1,89.5,1.61,170,153,57,1.38,1355,10.0,3.3,1,0,12.32
1012,1012,1012,25,0,58.2,1.64,165,169,71,1.92,984,20.8,3.3,2,2,19.05
1013,1013,1013,51,1,126.0,1.74,190,139,57,1.04,1108,27.3,3.2,0,0,22.63
1014,1014,1014,58,0,57.4,1.62,196,154,61,1.59,1015,15.0,2.1,1,0,25.02
1015,1015,1015,32,0,52.3,1.59,161,121,74,2.0,723,20.3,3.3,1,0,22.56
1016,1016,1016,55,0,129.6,1.84,188,139,58,1.28,1272,19.2,3.5,1,0,18.38
1017,1017,1017,33,0,72.3,1.8,199,120,74,1.33,457,26.5,2.3,2,1,12.32
1018,1018,1018,28,1,64.1,1.55,179,152,52,1.41,1091,31.1,3.3,2,0,18.43
1019,1019,1019,34,1,66.7,1.55,186,169,55,1.48,781,19.4,2.5,1,0,12.32
1020,1020,1020,35,1,44.9,1.92,168,123,67,1.29,572,20.8,2.1,2,1,17.33
1021,1021,1021,36,0,90.0,1.69,180,160,72,2.0,717,20.6,3.3,2,0,13.72
1022,1022,1022,27,1,77.7,1.76,167,131,74,1.36,448,24.9,2.1,3,1,23.19
1023,1023,1023,18,1,100.0,1.73,192,166,56,1.22,1631,23.3,1.8,2,1,12.32
1024,1024,1024,52,1,83.4,1.52,176,142,56,1.45,596,25.6,1.9,1,1,15.21
1025,1025,1025,32,0,46.5,1.83,176,128,74,1.01,1061,10.0,2.5,2,2,14.63
1026,1026,1026,37,0,81.1,1.78,195,143,72,1.07,770,22.5,2.5,1,1,12.51
1027,1027,1027,23,0,55.4,1.8,164,163,73,1.33,783,27.1,1.5,0,0,18.71
1028,1028,1028,25,0,76.2,1.87,184,148,69,1.96,809,26.2,2.3,1,0,17.02
1029,1029,1029,52,1,84.5,1.75,180,158,71,2.0,830,14.1,1.5,2,2,18.25
1030,1030,1030,59,1,40.0,2.0,173,141,68,1.04,1331,27.0,3.7,0,0,43.74
1031,1031,1031,42,0,55.6,1.63,176,134,74,1.41,384,22.0,3.3,1,0,32.64
1032,1032,1032,29,1,73.6,1.82,162,141,55,1.5,1057,25.2,2.1,0,1,30.41
1033,1033,1033,29,0,50.8,1.89,199,163,59,0.8,784,35.0,2.5,1,1,22.37
1034,1034,1034,27,1,72.5,1.88,181,162,69,1.21,1120,34.6,3.4,2,0,27.76
1035,1035,1035,52,1,57.5,1.87,174,149,70,1.05,880,12.5,2.5,0,1,12.32
1036,1036,1036,32,1,51.1,1.86,199,131,63,1.0,865,34.8,3.2,1,0,21.49
1037,1037,1037,23,0,52.6,1.78,176,169,53,1.15,1384,31.1,2.4,1,1,21.08
1038,1038,1038,18,1,57.5,1.74,193,154,70,1.16,1358,33.9,3.7,2,2,12.32
1039,1039,1039,52,0,45.1,1.65,165,164,71,1.76,1380,21.5,3.3,3,0,29.89
1040,1040,1040,45,1,98.7,1.77,183,132,74,1.32,400,19.5,2.0,2,1,18.18
1041,1041,1041,51,1,63.0,1.78,161,152,50,1.33,1339,29.1,1.8,0,1,15.95
1042,1042,1042,42,1,43.5,1.56,192,159,57,1.96,555,25.3,3.6,1,1,28.64
1043,1043,1043,28,0,121.1,1.75,163,149,68,1.57,716,21.0,3.3,3,0,26.5
1044,1044,1044,18,1,46.3,2.0,167,169,64,1.29,1556,22.5,2.6,0,2,17.38
1045,1045,1045,35,1,40.0,1.71,162,133,69,1.99,840,20.2,3.2,2,1,27.14
1046,1046,1046,56,0,64.2,1.79,196,165,58,0.97,667,15.9,3.3,2,0,12.32
1047,1047,1047,32,0,90.5,1.63,184,166,50,1.46,1217,31.3,2.0,3,0,12.99
1048,1048,1048,42,0,40.0,1.81,177,145,59,1.71,1065,26.6,1.5,1,0,23.25
1049,1049,1049,54,1,72.6,1.56,172,165,69,1.26,966,26.1,3.5,0,0,31.41
1050,1050,1050,34,0,89.7,1.78,184,142,53,0.53,1662,24.2,1.5,1,0,39.54
1051,1051,1051,21,0,59.7,1.65,191,138,68,0.95,539,35.0,3.2,2,1,17.55
1052,1052,1052,18,1,42.0,1.82,188,137,67,0.77,589,16.4,2.0,0,2,29.09
1053,1053,1053,18,1,57.9,2.0,168,156,50,1.05,689,28.3,3.6,1,2,18.31
1054,1054,1054,18,0,40.0,1.8,187,158,71,1.24,665,24.1,1.7,0,1,14.93
1055,1055,1055,18,0,70.9,1.87,176,164,59,2.0,745,28.2,3.2,2,1,15.74
1056,1056,1056,26,1,44.0,1.6,190,125,68,1.06,1246,21.1,2.7,0,1,15.5
1057,1057,1057,49,1,47.5,1.79,161,169,61,1.43,957,25.8,3.0,2,0,13.47
1058,1058,1058,38,1,69.0,1.82,170,133,53,1.24,1610,30.1,2.8,0,1,20.05
1059,1059,1059,18,0,59.1,2.0,181,123,72,1.94,901,23.2,2.4,2,1,13.32
1060,1060,1060,18,0,74.6,1.71,169,143,54,1.49,1213,28.7,2.0,0,0,18.68
1061,1061,1061,35,1,98.6,1.55,184,141,59,2.0,1172,27.8,3.2,0,1,23.47
1062,1062,1062,29,0,58.4,1.61,182,165,70,0.77,1259,20.1,3.5,2,1,26.13
1063,1063,1063,38,1,93.7,1.66,168,169,68,1.97,875,29.0,3.4,2,1,13.87
1064,1064,1064,42,0,88.6,2.0,171,166,72,1.11,1335,18.6,2.2,3,1,18.3
1065,1065,1065,18,1,49.9,1.77,191,123,74,1.4,626,25.9,3.4,0,1,24.35
1066,1066,1066,42,0,99.9,1.6,189,169,58,1.85,1099,32.6,2.2,0,0,15.78
1067,1067,1067,26,0,58.6,1.78,198,143,74,1.59,1008,21.1,2.2,1,0,44.77
1068,1068,1068,36,1,57.4,1.58,192,152,70,1.38,1137,18.3,3.2,0,0,20.91
1069,1069,1069,47,1,48.1,1.71,185,129,74,0.87,1177,28.1,2.6,1,2,12.32
1070,1070,1070,30,1,60.1,1.93,187,140,58,1.48,875,29.7,3.1,3,0,24.29
1071,1071,1071,23,0,88.0,2.0,193,128,70,1.24,399,23.9,2.8,1,0,31.33
1072,1072,1072,39,0,62.5,1.74,162,141,58,1.27,699,24.2,1.8,1,0,17.6
1073,1073,1073,20,0,69.3,1.75,180,120,72,1.06,1421,24.6,3.2,2,1,25.22
1074,1074,1074,18,1,52.6,1.76,175,154,50,1.17,1783,21.0,3.0,1,1,30.92
1075,1075,1075,39,0,65.6,1.7,172,148,68,0.87,1709,20.2,1.5,2,2,14.83
1076,1076,1076,22,1,80.6,1.71,176,139,60,2.0,957,31.0,2.4,2,1,12.32
1077,1077,1077,57,0,43.5,2.0,172,159,59,1.73,530,18.7,2.1,0,2,23.74
1078,1078,1078,25,0,72.6,1.7,161,168,51,1.28,1262,22.0,3.1,2,1,16.45
1079,1079,1079,18,1,87.5,1.76,169,160,60,2.0,1042,22.4,3.3,0,2,21.79
1080,1080,1080,50,1,46.8,1.77,180,128,70,1.4,803,17.0,3.3,2,0,21.83
1081,1081,1081,18,0,44.9,1.77,168,127,57,1.66,512,12.3,3.7,1,0,20.39
1082,1082,1082,18,1,63.9,1.71,164,140,66,1.48,785,30.2,3.3,2,1,21.96
1083,1083,1083,21,1,90.1,1.72,184,138,68,1.35,1043,27.1,2.1,2,2,22.34
1084,1084,1084,18,1,48.2,1.75,180,134,63,1.39,1053,22.1,2.2,2,0,16.34
1085,1085,1085,31,1,67.4,1.83,167,122,66,1.49,1032,30.6,3.1,3,1,18.29
1086,1086,1086,26,1,65.0,1.69,171,162,62,1.54,1066,16.6,3.5,0,1,29.56
1087,1087,1087,33,0,95.0,1.85,168,140,56,1.3,958,20.5,3.3,1,1,12.66
1088,1088,1088,30,0,65.3,1.76,192,161,57,1.16,1092,32.1,1.9,2,2,23.82
1089,1089,1089,59,1,40.0,1.72,182,164,56,1.27,1783,12.6,3.1,2,2,12.32
1090,1090,1090,46,0,82.9,1.74,194,165,52,2.0,1107,24.3,3.1,1,2,14.4
1091,1091,1091,18,1,59.4,1.87,195,139,74,2.0,958,14.9,2.7,1,1,36.72
1092,1092,1092,49,1,58.2,1.82,171,154,67,1.38,624,20.8,3.5,2,0,19.11
1093,1093,1093,37,0,77.3,1.58,180,140,61,1.57,1333,23.5,1.5,0,1,12.32
1094,1094,1094,22,1,66.0,1.67,181,122,50,0.96,912,26.3,1.5,1,1,15.29
1095,1095,1095,29,0,67.4,1.76,187,120,74,1.1,911,21.4,2.3,3,0,19.6
1096,1096,1096,31,1,62.2,1.7,168,155,55,0.62,1596,35.0,3.2,0,0,16.7
1097,1097,1097,27,0,59.6,1.73,182,139,71,1.42,1321,16.3,3.3,2,2,16.62
1098,1098,1098,35,1,40.0,1.72,182,120,70,1.22,1178,14.6,1.9,2,1,17.87
1099,1099,1099,24,1,41.3,1.73,180,156,74,1.55,1285,26.2,3.2,2,2,14.93
1100,1100,1100,48,1,97.0,1.73,172,122,74,1.7,903,12.8,3.5,2,1,22.39
1101,1101,1101,59,0,47.2,1.68,185,159,70,1.49,704,15.4,2.2,2,1,23.79
1102,1102,1102,33,1,65.7,1.97,167,144,53,1.1,872,19.1,2.0,2,0,19.14
1103,1103,1103,31,1,80.2,1.74,187,141,72,1.23,1326,21.2,2.8,0,1,16.1
1104,1104,1104,40,1,59.3,2.0,166,141,74,1.44,801,24.6,3.4,3,1,17.04
1105,1105,1105,57,0,79.4,1.55,160,164,50,1.55,1116,32.2,3.6,0,1,14.69
1106,1106,1106,28,1,59.3,1.79,189,128,69,0.91,877,24.8,2.1,2,0,28.16
1107,1107,1107,30,1,40.0,1.63,192,157,64,1.31,1078,10.0,2.8,1,0,14.92
1108,1108,1108,25,0,61.4,1.7,172,166,72,1.28,1064,32.5,3.0,1,1,19.45
1109,1109,1109,46,0,80.2,1.98,172,155,73,1.29,1355,26.8,3.3,2,2,15.63
1110,1110,1110,28,1,58.0,1.77,179,157,74,1.59,1145,21.3,1.5,0,2,14.72
1111,1111,1111,27,1,53.0,1.91,172,123,54,1.09,655,34.4,3.1,1,1,21.18
1112,1112,1112,23,0,51.2,1.92,187,169,55,1.1,969,25.3,2.7,0,0,16.98
1113,1113,1113,26,0,51.9,1.9,182,129,55,2.0,1418,32.2,2.4,0,0,20.41
1114,1114,1114,27,0,56.3,1.7,191,134,72,1.61,1631,23.4,3.3,1,0,30.84
1115,1115,1115,59,1,108.3,1.53,183,122,50,0.86,1071,21.9,3.3,1,0,17.75
1116,1116,1116,22,0,71.5,1.81,195,164,51,1.52,935,22.0,2.6,1,1,14.55
1117,1117,1117,18,1,89.4,1.84,168,168,69,2.0,968,17.3,2.6,3,1,14.77
1118,1118,1118,32,1,82.3,1.55,172,128,74,1.52,990,26.7,2.0,1,0,20.15
1119,1119,1119,35,1,96.5,1.54,168,160,70,1.43,1573,35.0,3.4,2,0,20.43
1120,1120,1120,44,1,40.0,1.91,181,124,71,1.55,1545,26.5,3.4,1,0,35.01
1121,1121,1121,43,1,65.2,1.5,182,157,68,2.0,1417,26.7,3.1,2,1,14.95
1122,1122,1122,18,1,53.9,1.62,170,169,72,1.38,810,24.7,3.4,1,0,29.34
1123,1123,1123,37,0,61.3,1.96,193,169,65,2.0,947,31.1,3.5,3,0,24.18
1124,1124,1124,37,0,78.5,1.5,189,169,60,1.67,954,17.9,2.4,1,2,21.98
1125,1125,1125,41,0,40.0,1.78,182,155,68,1.51,1376,29.8,2.1,0,2,12.32
1126,1126,1126,18,1,49.9,1.75,182,158,74,2.0,1032,23.1,3.1,3,0,17.64
1127,1127,1127,46,0,69.9,1.68,173,168,64,1.43,911,35.0,3.4,1,1,18.95
1128,1128,1128,24,1,62.5,1.58,175,137,51,2.0,1231,32.2,3.6,2,0,36.26
1129,1129,1129,22,1,40.0,1.67,162,146,59,1.04,807,24.1,1.5,1,0,13.05
1130,1130,1130,53,0,46.8,1.69,163,169,56,1.32,1017,27.6,2.4,2,1,29.04
1131,1131,1131,43,1,70.1,1.72,187,129,54,1.43,984,25.0,1.6,1,0,25.52
1132,1132,1132,18,1,40.0,1.7,190,120,64,1.33,1589,26.8,3.1,0,0,18.76
1133,1133,1133,59,0,73.6,1.6,164,158,58,1.35,1216,30.0,2.3,3,1,15.78
1134,1134,1134,18,1,40.0,1.65,160,144,73,2.0,1078,17.4,3.5,0,0,21.36
1135,1135,1135,43,1,72.6,1.64,166,152,54,1.22,1188,21.3,2.5,0,1,12.97
1136,1136,1136,36,1,87.6,1.81,179,140,56,0.9,645,22.1,3.6,0,0,18.22
1137,1137,1137,40,1,40.0,1.73,194,149,72,1.06,811,19.4,2.7,0,2,36.56
1138,1138,1138,18,1,123.8,1.62,164,167,59,1.43,303,22.3,3.6,0,2,24.63
1139,1139,1139,59,0,40.0,1.84,167,137,53,1.87,681,23.7,2.2,0,1,14.55
1140,1140,1140,38,1,41.4,1.71,183,168,73,0.94,1253,30.8,3.2,1,0,14.6
1141,1141,1141,45,0,40.0,1.69,162,147,68,1.19,979,25.2,2.4,2,1,12.75
1142,1142,1142,44,0,52.8,1.71,198,132,63,2.0,1783,21.7,3.4,2,1,12.32
1143,1143,1143,39,0,69.9,1.85,164,147,50,1.3,1562,27.7,3.7,1,2,12.87
1144,1144,1144,25,0,51.0,1.76,167,127,70,0.72,1119,25.1,2.6,2,2,12.64
1145,1145,1145,50,0,92.6,1.91,171,137,54,1.6,303,25.2,2.3,1,0,21.42
1146,1146,1146,21,0,52.7,1.53,182,134,50,1.19,1090,31.5,3.4,1,2,25.06
1147,1147,1147,20,1,40.0,1.78,192,149,57,0.93,1075,25.5,1.9,2,0,22.57
1148,1148,1148,50,1,40.0,1.92,168,144,55,1.48,692,16.0,2.5,3,0,18.29
1149,1149,1149,52,0,81.7,1.59,164,136,67,1.91,1025,28.2,3.4,0,1,19.89
1150,1150,1150,41,1,65.9,1.93,188,124,74,1.36,1419,22.6,1.5,0,1,17.6
1151,1151,1151,31,0,67.9,1.7,163,124,68,1.43,1338,13.0,3.1,3,0,13.87
1152,1152,1152,32,0,86.0,1.6,164,144,65,1.09,1196,17.4,1.5,0,0,20.18
1153,1153,1153,29,0,60.6,1.83,172,161,60,1.32,760,25.0,3.3,3,1,18.03
1154,1154,1154,34,1,47.8,1.69,182,153,68,1.63,1249,20.2,1.5,2,2,12.32
1155,1155,1155,19,1,79.4,1.77,165,150,73,1.23,1148,24.1,3.3,1,1,22.64
1156,1156,1156,33,0,62.4,1.72,168,164,74,0.91,1042,27.1,3.4,3,1,29.29
1157,1157,1157,47,1,71.3,1.83,186,163,68,0.95,837,22.6,1.5,3,1,18.61
1158,1158,1158,37,1,116.2,1.65,194,160,74,1.98,1036,22.1,2.4,2,0,23.58
1159,1159,1159,50,1,55.8,1.81,161,126,55,1.32,909,23.6,2.9,2,1,12.32
1160,1160,1160,53,0,55.9,1.78,182,125,58,1.45,1308,21.1,1.5,1,1,12.32
1161,1161,1161,29,0,80.7,1.74,192,121,72,1.43,839,26.5,1.5,2,0,12.32
1162,1162,1162,46,1,69.0,1.88,177,120,74,1.63,1183,23.4,3.6,2,1,14.54
1163,1163,1163,34,1,60.5,1.8,171,120,68,1.57,1452,27.1,3.2,1,0,12.32
1164,1164,1164,51,0,96.3,1.88,166,127,59,1.32,1362,28.1,1.9,0,1,16.31
1165,1165,1165,47,1,48.4,1.65,196,148,60,1.29,1357,11.3,1.5,1,1,12.51
1166,1166,1166,52,1,77.8,1.59,183,135,50,1.37,949,27.3,2.9,2,1,23.73
1167,1167,1167,25,1,85.5,1.8,168,156,69,1.39,644,15.7,3.3,0,0,12.32
1168,1168,1168,30,1,67.4,1.79,185,169,59,1.27,1398,18.9,3.4,3,2,25.14
1169,1169,1169,36,1,71.0,1.66,168,131,74,1.1,567,20.3,3.7,2,0,28.31
1170,1170,1170,21,1,47.8,1.62,173,129,74,1.59,1638,25.8,2.4,1,1,12.32
1171,1171,1171,41,1,40.0,1.74,166,154,71,1.13,1356,20.1,2.8,1,2,15.67
1172,1172,1172,51,1,43.9,1.78,194,136,51,0.98,1293,27.0,1.5,0,0,15.75
1173,1173,1173,47,1,59.6,1.88,192,125,50,1.32,1108,30.6,2.3,1,1,12.32
1174,1174,1174,22,0,56.1,1.91,167,122,70,1.4,1183,24.9,2.7,0,0,12.32
1175,1175,1175,18,1,56.5,1.93,177,156,52,1.53,1419,22.3,3.5,2,1,16.43
1176,1176,1176,46,0,56.7,1.97,199,160,56,1.3,1215,26.4,2.4,1,0,16.02
1177,1177,1177,43,0,47.1,1.81,166,149,69,0.76,998,22.2,3.0,2,0,29.69
1178,1178,1178,51,1,65.1,1.85,185,130,60,2.0,717,22.2,1.9,0,1,15.62
1179,1179,1179,55,0,60.6,1.68,185,124,70,1.35,1447,24.0,2.0,2,0,18.66
1180,1180,1180,42,0,101.0,1.56,186,168,56,1.19,650,27.6,3.6,2,0,24.46
1181,1181,1181,31,0,66.4,1.76,175,140,69,1.55,640,24.7,3.5,2,1,29.07
1182,1182,1182,49,1,97.1,2.0,174,153,74,1.26,763,10.0,2.6,0,1,23.64
1183,1183,1183,44,1,86.1,1.73,178,140,51,1.12,1244,22.7,3.4,1,2,19.23
1184,1184,1184,37,0,58.7,1.78,195,154,59,1.34,1015,29.5,2.8,0,2,18.67
1185,1185,1185,37,0,69.1,1.74,175,127,53,1.61,1411,31.9,3.6,0,1,18.07
1186,1186,1186,53,1,67.3,1.5,199,151,60,1.04,593,15.8,3.4,2,1,12.32
1187,1187,1187,47,0,59.2,1.67,182,169,57,1.06,1252,31.5,2.2,1,1,23.65
1188,1188,1188,46,0,119.6,1.71,176,129,53,1.26,1144,23.9,1.7,2,1,12.32
1189,1189,1189,53,1,80.1,1.69,188,167,74,2.0,1196,13.0,2.3,1,0,14.85
1190,1190,1190,42,1,59.1,1.65,183,138,71,2.0,957,21.2,2.0,0,1,35.06
1191,1191,1191,36,1,53.4,1.75,177,120,70,0.68,1257,26.7,2.7,3,1,35.28
1192,1192,1192,18,1,98.9,1.58,181,126,68,1.48,1330,27.5,3.1,1,1,12.32
1193,1193,1193,41,0,112.2,1.81,188,159,53,1.16,995,30.3,3.3,1,1,18.28
1194,1194,1194,30,1,101.6,1.73,190,133,56,1.38,1047,22.1,3.2,1,2,40.75
1195,1195,1195,19,0,74.7,1.85,194,127,74,0.65,1105,19.4,3.6,0,1,16.46
1196,1196,1196,22,1,68.4,1.86,175,129,66,1.99,895,20.0,3.6,3,0,16.16
1197,1197,1197,22,0,86.2,1.93,167,145,62,1.74,640,18.6,3.3,1,0,29.48
1198,1198,1198,51,1,98.9,1.85,181,138,70,1.49,859,25.0,1.5,0,1,25.3
1199,1199,1199,27,0,50.6,2.0,174,129,68,1.34,1179,31.0,2.0,3,1,24.12
1200,1200,1200,56,0,68.1,2.0,168,160,74,1.39,1350,23.8,3.3,3,1,17.05
1201,1201,1201,22,0,53.0,1.83,199,129,74,0.88,540,11.9,3.1,2,1,15.29
1202,1202,1202,28,1,59.2,1.68,187,127,54,1.53,466,27.3,2.9,0,2,12.32
1203,1203,1203,35,1,40.0,2.0,169,138,72,1.08,576,31.2,2.9,0,2,20.21
1204,1204,1204,48,1,90.4,2.0,193,156,59,1.78,1246,24.4,2.3,1,1,13.35
1205,1205,1205,25,0,74.6,1.63,182,160,60,0.93,1028,14.8,3.5,1,1,18.08
1206,1206,1206,35,0,56.2,1.74,170,151,66,0.99,1215,26.9,2.9,2,1,20.61
1207,1207,1207,18,1,63.0,1.66,191,168,74,0.89,456,24.5,2.7,1,1,14.75
1208,1208,1208,50,0,76.1,1.82,191,146,54,1.12,817,25.0,3.2,0,0,14.5
1209,1209,1209,52,1,66.6,1.56,175,152,60,1.04,1783,15.4,2.7,2,1,40.0
1210,1210,1210,32,0,45.9,1.83,192,120,55,1.49,808,22.4,1.5,1,0,17.82
1211,1211,1211,31,0,86.4,1.59,187,169,50,2.0,1336,27.6,1.6,2,0,14.57
1212,1212,1212,30,0,54.9,1.93,187,165,70,0.94,836,26.7,3.7,2,1,13.37
1213,1213,1213,21,1,91.2,1.7,194,142,62,0.91,1090,33.3,3.7,1,1,17.63
1214,1214,1214,46,1,54.2,1.91,171,169,67,0.9,771,14.0,2.6,1,2,26.79
1215,1215,1215,22,0,60.8,1.77,169,130,74,1.1,1298,25.4,3.3,0,2,13.58
1216,1216,1216,30,1,46.8,1.67,164,153,74,1.53,684,15.2,2.3,2,1,12.32
1217,1217,1217,31,0,48.1,1.58,181,125,70,1.88,695,23.1,3.3,1,1,26.69
1218,1218,1218,36,1,56.5,1.61,189,123,58,2.0,1093,32.6,3.5,1,2,25.74
1219,1219,1219,55,0,78.4,1.59,171,132,74,2.0,1182,13.6,3.7,1,0,12.32
1220,1220,1220,44,1,78.2,1.8,171,169,59,1.79,1730,17.0,3.5,3,0,18.17
1221,1221,1221,34,0,74.2,1.83,194,153,60,1.24,1632,27.3,3.0,2,1,20.18
1222,1222,1222,57,0,84.0,1.95,199,142,51,1.66,872,17.5,3.4,2,0,21.88
1223,1223,1223,47,0,79.2,1.81,160,169,74,1.28,595,19.0,3.3,0,1,20.55
1224,1224,1224,20,0,102.9,1.61,172,146,70,1.57,1113,23.5,3.2,1,2,21.82
1225,1225,1225,37,0,94.5,1.73,198,135,74,1.16,717,23.8,1.6,2,2,17.52
1226,1226,1226,54,0,52.6,1.81,167,167,53,1.46,988,26.7,2.4,0,0,27.97
1227,1227,1227,24,0,91.2,1.82,181,158,74,1.49,1263,26.9,1.8,0,1,12.74
1228,1228,1228,25,1,40.0,1.56,195,132,57,0.65,499,16.7,3.4,1,1,12.32
1229,1229,1229,45,1,76.6,1.77,181,122,64,1.82,1186,19.1,3.5,0,0,20.79
1230,1230,1230,25,0,61.1,1.72,176,162,53,0.92,1378,15.0,3.4,2,0,12.62
1231,1231,1231,31,0,48.4,1.81,178,120,71,1.45,1004,23.1,1.5,1,0,31.33
1232,1232,1232,28,0,77.8,1.62,164,161,70,1.52,1095,23.1,3.5,3,1,21.22
1233,1233,1233,48,1,119.9,1.73,165,156,66,0.99,781,18.5,3.6,1,0,18.18
1234,1234,1234,39,0,84.0,1.79,176,126,72,1.5,1057,28.0,3.3,1,0,30.44
1235,1235,1235,34,1,80.7,1.8,193,153,57,1.18,930,27.2,2.3,1,0,13.63
1236,1236,1236,24,0,102.6,1.67,190,132,73,1.41,800,28.3,1.5,1,1,18.79
1237,1237,1237,42,0,57.1,1.84,199,163,74,1.2,303,21.3,2.7,1,0,14.84
1238,1238,1238,18,0,98.5,1.99,187,153,57,1.95,859,22.7,1.9,1,1,15.7
1239,1239,1239,23,0,68.0,1.74,175,120,68,1.01,694,24.5,3.5,3,1,17.47
1240,1240,1240,18,1,40.0,1.82,177,127,74,0.73,352,26.0,3.4,1,1,28.42
1241,1241,1241,50,1,41.9,2.0,199,161,74,1.24,953,24.6,3.2,1,1,16.02
1242,1242,1242,18,1,60.5,1.57,177,131,59,1.3,1286,28.1,2.6,1,1,19.42
1243,1243,1243,46,1,40.7,1.66,190,169,58,0.92,760,27.2,3.5,3,1,18.76
1244,1244,1244,18,0,53.8,1.7,197,120,69,1.01,1274,31.4,2.4,1,2,15.72
1245,1245,1245,46,1,54.0,1.82,177,163,63,1.4,979,33.7,3.7,0,1,14.05
1246,1246,1246,24,1,105.7,2.0,187,145,58,1.48,1002,25.9,2.5,1,0,43.01
1247,1247,1247,30,0,57.7,1.76,160,152,59,1.82,314,23.2,1.8,2,2,12.32
1248,1248,1248,24,1,72.7,2.0,190,131,56,1.33,1126,12.6,3.6,0,1,23.15
1249,1249,1249,39,1,81.9,1.72,187,156,53,1.19,1329,24.2,3.4,2,1,12.91
1250,1250,1250,48,0,65.1,1.79,189,120,74,1.26,325,23.5,2.1,3,2,28.56
1251,1251,1251,28,0,67.8,1.57,198,135,67,2.0,1062,30.5,1.5,1,0,14.86
1252,1252,1252,53,0,55.0,1.6,181,133,74,1.25,645,28.2,2.4,2,0,21.6
1253,1253,1253,50,0,61.5,1.57,199,139,71,0.95,798,22.5,3.5,2,1,17.3
1254,1254,1254,27,1,64.2,1.89,188,143,51,2.0,1662,23.0,3.1,2,1,17.41
1255,1255,1255,38,1,76.7,1.99,192,131,74,1.14,1263,28.3,1.6,3,0,14.98
1256,1256,1256,54,0,58.1,1.57,182,169,74,1.59,649,19.7,3.4,1,1,23.19
1257,1257,1257,33,0,58.2,1.62,170,163,60,1.21,1524,26.5,2.8,1,1,12.32
1258,1258,1258,46,1,55.1,1.62,170,166,52,1.03,1370,34.4,1.8,0,0,26.04
1259,1259,1259,32,0,51.2,1.9,162,160,60,1.25,988,21.6,2.5,1,1,22.51
1260,1260,1260,43,1,40.0,1.95,162,138,58,2.0,918,26.4,1.8,2,1,18.66
1261,1261,1261,42,1,45.3,1.53,193,128,74,1.05,810,21.1,2.4,0,1,17.18
1262,1262,1262,22,0,54.1,1.76,178,127,65,1.42,501,29.2,3.7,2,0,22.15
1263,1263,1263,24,1,58.8,1.89,163,150,73,1.28,800,27.1,2.5,0,1,15.86
1264,1264,1264,27,0,40.0,1.8,162,140,74,1.42,901,22.2,2.5,3,0,29.73
1265,1265,1265,41,1,53.0,1.62,161,142,61,1.42,761,21.0,3.3,1,0,20.51
1266,1266,1266,18,0,83.5,1.67,162,169,70,1.54,1389,12.1,1.7,0,0,33.8
1267,1267,1267,51,0,58.6,2.0,162,150,55,1.28,1030,16.7,3.4,1,1,37.28
1268,1268,1268,18,0,40.0,1.9,166,169,57,1.28,1556,17.4,2.1,0,2,19.51
1269,1269,1269,44,0,91.2,1.87,194,141,66,1.66,1345,22.7,2.5,0,0,15.5
1270,1270,1270,31,1,60.7,1.62,198,120,71,1.35,967,31.2,3.2,2,1,23.83
1271,1271,1271,36,1,62.2,1.5,192,132,61,2.0,913,11.4,1.5,1,1,22.96
1272,1272,1272,23,0,62.1,1.83,168,149,51,1.39,1135,26.1,2.0,1,1,21.35
1273,1273,1273,24,1,79.0,1.62,177,169,73,1.0,887,25.0,3.5,0,2,12.32
1274,1274,1274,38,1,58.4,1.65,169,141,53,2.0,1109,24.0,2.3,0,0,35.49
1275,1275,1275,31,0,75.8,1.7,199,129,60,0.87,922,24.2,1.9,0,0,15.58
1276,1276,1276,55,0,65.5,1.94,170,123,74,1.37,787,28.7,3.1,1,0,17.0
1277,1277,1277,52,0,81.0,1.62,178,146,53,1.44,1628,25.4,2.5,2,0,17.41
1278,1278,1278,24,0,84.5,1.84,171,128,63,0.7,1067,32.0,2.4,0,0,12.32
1279,1279,1279,18,1,48.7,1.75,187,141,70,2.0,1266,34.4,2.6,1,0,38.48
1280,1280,1280,56,0,85.2,1.6,163,151,51,1.25,672,26.5,1.7,1,0,21.05
1281,1281,1281,33,1,73.3,1.86,187,123,60,1.22,1254,35.0,1.9,2,0,15.26
1282,1282,1282,33,0,44.9,1.73,176,158,74,2.0,905,27.0,2.1,1,1,23.8
1283,1283,1283,39,1,59.9,1.71,174,131,50,1.41,733,24.7,2.9,0,1,19.74
1284,1284,1284,40,1,43.9,1.92,186,143,74,0.83,1018,12.0,3.1,1,0,29.23
1285,1285,1285,20,1,40.0,1.52,164,144,65,1.53,629,22.6,3.1,2,0,22.23
1286,1286,1286,26,1,65.9,1.99,166,127,71,1.08,1218,22.0,2.6,2,1,13.91
1287,1287,1287,21,0,59.8,1.65,162,169,74,1.5,1130,30.4,3.2,3,2,12.32
1288,1288,1288,36,0,77.7,1.66,193,120,72,1.21,1115,11.3,2.2,0,2,22.23
1289,1289,1289,30,1,61.6,1.77,170,130,74,2.0,1068,24.3,1.5,3,1,24.78
1290,1290,1290,18,0,44.2,1.64,171,164,66,1.14,1083,16.1,2.2,3,1,18.36
1291,1291,1291,22,1,63.7,1.85,192,122,53,1.06,1032,24.4,2.5,1,2,13.95
1292,1292,1292,45,1,54.4,1.55,182,139,74,2.0,1179,24.3,3.1,3,2,12.32
1293,1293,1293,18,0,77.7,1.55,178,131,67,1.4,1259,14.8,2.4,1,1,12.32
1294,1294,1294,18,1,57.6,1.74,172,120,74,1.46,635,15.0,3.2,0,2,12.8
1295,1295,1295,20,1,75.6,1.74,192,128,72,1.86,906,21.4,3.3,2,1,34.73
1296,1296,1296,47,1,85.5,1.84,172,152,68,0.98,773,24.1,2.6,0,1,19.61
1297,1297,1297,25,1,62.4,1.59,166,151,66,1.27,903,11.0,3.0,2,0,32.63
1298,1298,1298,31,0,53.5,1.68,180,155,57,0.86,875,22.6,3.3,0,0,20.61
1299,1299,1299,47,1,78.8,1.82,167,144,66,1.66,1163,31.7,2.8,2,1,15.78
1300,1300,1300,20,1,40.0,1.97,173,133,74,2.0,916,18.8,2.3,0,0,13.57
1301,1301,1301,56,1,51.5,1.66,198,167,70,2.0,843,24.2,2.4,1,2,25.65
1302,1302,1302,24,1,80.9,1.74,181,128,61,1.19,1705,10.0,2.7,2,0,12.32
1303,1303,1303,29,0,85.3,1.68,161,133,74,1.45,1269,26.1,2.5,2,2,15.99
1304,1304,1304,18,0,47.8,1.73,162,136,56,1.42,562,23.9,3.4,1,0,14.48
1305,1305,1305,36,0,87.9,1.54,177,129,58,1.93,1010,21.1,3.3,1,0,29.54
1306,1306,1306,49,0,43.6,1.68,170,124,73,0.94,739,27.6,3.5,2,1,30.46
1307,1307,1307,40,0,55.7,1.6,184,133,72,1.4,749,23.7,2.6,2,1,24.88
1308,1308,1308,31,0,52.7,1.65,199,138,74,1.92,1102,24.0,3.3,0,2,18.38
1309,1309,1309,47,0,87.1,1.7,174,160,63,1.4,562,26.0,3.7,3,0,26.61
1310,1310,1310,44,1,94.4,1.82,182,140,57,1.38,1369,20.7,3.2,1,0,22.79
1311,1311,1311,46,1,44.9,1.93,177,154,58,2.0,1434,31.4,3.5,2,1,12.32
1312,1312,1312,55,1,61.9,1.74,163,140,73,0.97,598,23.6,3.1,0,0,27.13
1313,1313,1313,24,1,83.4,1.7,162,169,51,1.87,879,26.4,3.3,2,0,21.68
1314,1314,1314,18,0,83.6,1.84,186,137,73,1.33,1338,35.0,2.6,0,1,30.41
1315,1315,1315,18,1,87.3,1.71,199,145,65,1.16,1783,30.0,3.3,1,2,12.32
1316,1316,1316,18,0,80.7,2.0,184,142,74,0.72,1221,25.6,1.9,0,1,18.28
1317,1317,1317,33,0,62.6,1.71,192,158,57,1.99,1081,31.3,3.5,0,1,31.79
1318,1318,1318,19,1,41.9,1.69,176,138,74,1.89,1010,27.9,2.6,0,1,17.97
1319,1319,1319,58,1,47.6,1.84,182,155,66,1.59,635,11.2,2.6,2,2,13.65
1320,1320,1320,18,0,129.9,1.76,168,135,50,1.3,1208,25.1,2.0,1,1,13.89
1321,1321,1321,58,0,73.3,1.69,180,156,72,1.6,1350,25.4,3.0,2,0,38.45
1322,1322,1322,47,1,45.4,1.81,189,128,55,1.01,662,28.6,3.6,2,0,29.15
1323,1323,1323,47,1,50.6,1.65,192,169,63,1.36,594,25.5,2.2,3,1,28.24
1324,1324,1324,56,1,54.0,1.92,190,129,73,0.61,985,21.6,2.5,1,1,12.32
1325,1325,1325,34,0,73.1,1.73,166,161,69,1.64,765,27.0,3.3,2,1,21.47
1326,1326,1326,29,0,66.1,1.63,181,169,71,1.48,666,30.6,1.6,3,0,17.15
1327,1327,1327,18,1,59.0,1.78,173,169,51,1.07,904,18.9,3.2,0,2,12.32
1328,1328,1328,33,0,94.2,1.86,172,148,61,1.34,685,28.9,1.8,1,0,22.89
1329,1329,1329,38,1,40.0,1.86,187,126,71,1.6,1059,14.7,3.0,0,1,12.32
1330,1330,1330,18,0,73.6,1.53,186,128,50,1.46,1222,25.2,2.3,1,0,14.92
1331,1331,1331,31,0,60.2,1.75,166,155,57,0.92,819,10.0,3.2,3,0,12.32
1332,1332,1332,40,1,73.8,1.85,185,165,59,1.99,1485,27.9,2.0,2,0,22.4
1333,1333,1333,18,1,72.8,1.84,174,152,62,1.32,730,23.5,2.1,0,2,12.32
1334,1334,1334,33,0,40.0,1.63,165,159,74,2.0,935,28.2,1.6,0,2,12.98
1335,1335,1335,33,0,99.6,1.72,164,169,70,1.41,962,23.6,3.7,3,1,28.7
1336,1336,1336,55,1,64.4,1.76,163,144,74,1.48,717,26.7,1.7,0,2,21.26
1337,1337,1337,50,0,56.4,1.67,193,128,59,1.9,1190,17.5,3.7,0,1,12.32
1338,1338,1338,21,1,45.2,1.73,198,156,59,1.07,1562,24.2,2.8,2,1,22.25
1339,1339,1339,33,0,60.7,2.0,188,169,74,1.42,705,23.3,3.2,2,1,21.91
1340,1340,1340,42,1,53.6,1.86,199,167,62,2.0,1096,21.9,3.4,1,0,20.71
1341,1341,1341,35,0,64.3,1.79,188,148,62,1.63,1192,16.3,2.2,3,1,13.91
1342,1342,1342,18,1,78.0,1.51,182,169,64,1.06,990,31.4,3.1,1,1,12.32
1343,1343,1343,46,1,50.2,1.8,193,132,74,1.21,893,28.4,3.4,1,2,15.85
1344,1344,1344,29,0,57.0,1.62,188,126,70,2.0,998,17.9,3.4,2,0,13.32
1345,1345,1345,50,1,87.6,1.67,172,156,74,0.97,1005,23.0,2.0,2,1,23.76
1346,1346,1346,28,0,43.3,1.78,193,128,72,1.27,1479,26.3,3.4,1,0,31.04
1347,1347,1347,18,1,65.9,1.78,170,135,69,2.0,1734,23.9,3.1,1,0,24.81
1348,1348,1348,18,0,61.0,1.51,173,146,58,2.0,1403,21.7,2.1,0,1,12.32
1349,1349,1349,22,1,71.0,1.72,192,128,59,1.44,1436,28.5,3.2,1,1,17.82
1350,1350,1350,42,0,57.3,1.76,174,131,74,1.13,841,22.1,1.9,2,2,12.46
1351,1351,1351,26,1,95.2,1.68,163,142,68,0.71,1196,24.2,3.7,2,1,19.46
1352,1352,1352,49,0,68.8,1.66,190,137,63,2.0,1023,26.2,2.6,0,0,15.5
1353,1353,1353,43,0,69.7,1.75,193,162,53,0.52,1262,26.1,1.5,1,1,22.68
1354,1354,1354,34,0,102.9,1.64,188,124,74,1.24,700,24.2,3.3,2,0,14.76
1355,1355,1355,23,0,90.5,1.5,182,148,67,1.16,1204,23.3,2.8,0,1,15.69
1356,1356,1356,29,0,40.0,1.72,194,127,68,1.51,1005,27.1,2.1,0,0,21.98
1357,1357,1357,31,1,81.9,1.63,168,126,56,1.17,760,23.1,2.1,2,1,12.32
1358,1358,1358,38,1,99.6,1.6,173,132,56,1.01,1128,30.6,3.4,0,1,16.92
1359,1359,1359,18,0,65.7,1.72,180,169,56,2.0,1005,27.0,3.0,1,1,21.61
1360,1360,1360,41,0,85.7,1.66,170,134,74,1.69,475,11.1,1.5,2,0,17.33
1361,1361,1361,45,1,70.9,2.0,198,128,73,1.19,1064,27.8,1.5,1,0,27.46
1362,1362,1362,49,0,59.2,1.55,185,169,63,1.32,1169,25.1,1.7,2,0,27.18
1363,1363,1363,55,0,53.8,1.52,191,136,55,1.17,1102,20.4,3.6,1,1,23.84
1364,1364,1364,18,0,68.1,1.66,160,120,65,1.43,1343,27.2,3.3,2,0,25.77
1365,1365,1365,41,0,105.1,1.67,194,127,68,1.3,1068,30.6,3.5,1,2,17.65
1366,1366,1366,51,1,58.8,1.63,188,155,59,1.1,897,24.7,3.3,0,0,21.73
1367,1367,1367,20,1,52.9,1.8,163,159,57,1.45,1117,27.1,3.3,1,0,27.72
1368,1368,1368,23,1,68.6,1.8,196,138,65,1.08,578,16.8,2.6,0,0,21.41
1369,1369,1369,39,1,76.2,1.77,164,169,74,2.0,1196,28.7,3.3,0,0,17.38
1370,1370,1370,47,1,68.2,1.58,164,140,72,1.0,1316,28.1,2.6,0,2,16.35
1371,1371,1371,18,1,40.0,1.64,160,152,56,1.2,1317,19.2,1.8,1,0,28.02
1372,1372,1372,29,1,46.8,1.7,195,153,59,1.33,1178,24.7,3.4,1,1,26.27
1373,1373,1373,33,1,58.1,1.65,168,130,60,1.18,850,22.4,3.1,1,1,12.32
1374,1374,1374,45,0,55.2,1.9,175,156,67,1.39,854,24.5,2.5,3,0,12.32
1375,1375,1375,22,1,52.3,1.66,190,146,59,0.76,1186,21.4,3.3,0,1,15.38
1376,1376,1376,37,0,40.0,1.66,176,134,57,2.0,931,27.2,2.7,1,1,23.21
1377,1377,1377,18,0,53.9,1.73,177,157,73,1.24,1483,10.0,3.5,1,0,15.92
1378,1378,1378,52,1,54.9,1.67,167,144,69,2.0,997,16.4,2.5,2,1,18.27
1379,1379,1379,18,1,62.7,1.87,184,141,59,1.59,708,10.3,1.5,0,1,13.14
1380,1380,1380,57,0,98.3,1.71,162,126,61,0.95,366,22.7,3.3,1,1,20.61
1381,1381,1381,40,0,71.4,1.92,171,167,57,0.62,1412,10.0,1.8,1,0,18.19
1382,1382,1382,33,1,74.6,1.58,172,165,68,1.4,1271,15.6,2.7,0,1,13.23
1383,1383,1383,51,1,47.1,2.0,177,163,65,1.29,1140,21.9,2.8,3,0,14.85
1384,1384,1384,46,0,49.2,1.5,184,120,73,2.0,832,25.9,3.3,1,0,15.31
1385,1385,1385,51,1,80.8,2.0,167,129,55,1.52,1454,33.9,1.6,1,0,12.58
1386,1386,1386,59,0,85.7,1.6,182,140,72,2.0,1243,33.4,1.5,2,2,24.01
1387,1387,1387,18,1,42.3,1.64,198,169,65,1.55,1199,26.4,3.2,2,0,15.26
1388,1388,1388,23,0,41.5,1.89,188,129,59,1.35,532,27.6,3.4,1,1,20.79
1389,1389,1389,22,1,84.3,1.6,173,127,72,0.8,911,24.0,3.3,3,0,13.86
1390,1390,1390,34,1,82.4,1.66,192,148,72,1.11,1090,26.3,3.4,0,1,18.08
1391,1391,1391,32,1,40.6,1.92,166,169,57,1.33,1783,17.1,3.6,3,2,12.32
1392,1392,1392,46,0,58.6,2.0,194,135,55,2.0,1162,27.1,3.6,0,0,24.38
1393,1393,1393,20,1,40.0,1.81,176,138,66,1.44,1210,23.0,3.6,2,1,12.32
1394,1394,1394,36,0,80.8,1.71,162,163,74,1.86,900,19.4,2.0,0,1,12.54
1395,1395,1395,54,1,88.5,2.0,173,134,58,1.11,1388,27.7,3.7,1,1,36.73
1396,1396,1396,52,1,84.3,1.69,164,169,54,0.77,1367,32.6,2.9,1,1,15.11
1397,1397,1397,47,1,70.1,1.84,188,129,67,1.2,1261,28.4,2.5,1,1,17.99
1398,1398,1398,35,1,49.3,1.71,180,152,73,1.04,956,32.9,1.7,2,2,12.65
1399,1399,1399,40,1,79.5,1.92,184,156,52,1.29,1178,14.7,1.5,2,0,23.51
