gender,age,campus_discrimination,sports_engagement,average_sleep,study_satisfaction,academic_workload ,academic_pressure,financial_concerns,social_relationships,depression,anxiety,isolation,future_insecurity
Male,20,No,0,5,5,4,5,4,3,2,1,1,2
Male,20,No,2,5,5,4,4,1,3,3,3,3,4
Male,20,No,2,3,5,5,5,3,4,2,3,3,1
Male,20,No,0,5,3,5,4,4,1,5,5,5,3
Female,20,Yes,0,5,3,5,5,2,3,5,5,4,4
Female,20,No,0,5,4,5,5,3,3,5,5,5,5
Male,26,Yes,2,7.5,4,4,4,5,2,5,4,4,5
Male,22,Yes,0,5,3,4,4,5,4,3,2,2,4
Male,20,Yes,2,5,3,4,3,4,2,3,4,3,5
Male,23,No,0,5,3,5,3,5,1,5,5,5,5
Male,20,No,0,5,5,4,4,1,4,3,3,1,3
Male,20,No,2,5,4,5,4,4,4,2,3,1,2
Male,21,No,0,5,5,3,5,5,1,4,4,4,2
Male,19,No,0,5,3,3,4,5,3,5,4,5,1
Female,20,No,0,5,3,3,3,3,2,4,3,5,3
Female,19,Yes,0,7.5,5,3,3,4,3,1,1,1,3
Female,20,No,0,3,5,4,4,3,1,3,2,3,1
Male,19,No,0,7.5,5,3,5,3,3,2,2,3,1
Female,19,No,2,5,4,4,3,3,2,4,4,3,2
Male,19,Yes,2,5,5,4,4,5,3,5,5,4,3
Female,20,No,2,7.5,5,4,4,2,3,1,2,2,2
Female,19,Yes,0,5,4,5,5,2,2,4,4,5,5
Male,20,No,0,5,3,5,5,3,3,4,4,3,4
Male,20,No,2,5,5,5,4,5,3,5,5,5,3
Female,19,No,2,5,5,4,4,1,3,3,4,3,3
Male,19,No,8,5,5,5,3,5,5,4,1,3,2
Male,23,Yes,2,7.5,3,3,4,1,4,3,3,2,3
Male,20,Yes,8,3,1,4,5,5,1,5,5,5,5
Male,18,No,5,5,4,3,4,4,4,3,4,4,2
Male,20,No,5,7.5,5,5,5,3,5,5,3,3,2
Male,18,No,0,7.5,5,3,1,1,3,1,2,2,1
Male,19,No,0,5,2,4,1,5,3,3,3,3,2
Male,18,No,0,5,5,4,5,2,3,4,3,4,4
Female,19,No,0,7.5,5,4,4,3,2,4,2,3,1
Female,17,No,0,5,4,5,5,5,1,5,5,5,3
Male,18,No,8,5,3,3,4,5,2,4,3,4,5
Female,17,No,0,5,4,4,4,5,3,4,4,5,2
Female,19,No,5,7.5,5,3,2,2,4,1,2,1,1
Female,18,No,0,5,1,4,5,5,2,5,5,5,5
Female,19,No,0,3,2,4,4,1,2,3,3,4,3
Female,19,No,2,5,4,4,4,4,1,1,1,1,4
Male,18,No,0,7.5,2,4,4,5,1,5,4,5,5
Male,18,Yes,2,5,4,3,3,2,3,3,3,3,4
Male,18,Yes,5,7.5,4,2,2,1,3,1,1,2,3
Male,19,No,2,7.5,4,4,4,3,4,2,2,2,4
Male,18,No,8,7.5,4,4,4,4,5,3,3,1,3
Male,21,Yes,2,5,3,4,5,4,3,5,5,5,5
Male,20,Yes,0,7.5,4,4,3,1,1,3,3,5,2
Male,19,No,2,5,5,4,5,5,1,3,4,5,1
Male,20,No,0,5,5,3,1,5,3,1,1,2,1
Male,21,No,2,5,5,4,3,4,5,2,2,2,3
Male,17,No,8,7.5,3,5,5,1,3,4,4,4,5
Male,18,No,8,7.5,5,3,4,3,5,3,3,3,1
Male,18,No,2,5,5,5,3,2,1,2,4,5,2
Male,22,No,2,7.5,4,4,3,5,1,3,3,4,1
Male,21,Yes,5,5,3,4,5,3,4,1,1,1,1
Male,20,Yes,5,7.5,4,3,5,3,3,4,4,4,4
Male,20,No,0,5,4,4,4,5,2,3,2,4,2
Male,20,No,5,7.5,5,2,2,1,3,1,1,1,1
Male,21,No,2,7.5,3,5,4,1,3,2,2,4,4
Male,21,No,5,7.5,4,4,4,2,4,2,2,2,3
Male,20,No,2,5,3,4,3,4,1,1,2,1,3
Male,20,No,8,7.5,5,3,4,3,2,4,4,4,5
Female,19,No,0,7.5,4,3,3,3,3,4,4,3,2
Male,20,Yes,2,5,3,4,4,5,3,5,5,5,4
Male,20,No,0,7.5,3,3,4,5,3,4,4,4,4
Male,20,No,2,5,4,5,5,1,5,3,4,1,1
Male,20,No,0,5,4,5,5,3,3,2,2,3,3
Male,20,No,8,5,4,5,5,5,4,3,4,2,3
Male,19,Yes,5,7.5,3,2,4,4,4,1,1,3,3
Male,22,No,0,5,4,4,5,4,3,4,4,4,5
Male,20,No,8,7.5,4,2,3,4,2,3,3,4,3
Female,20,No,0,5,5,4,5,4,1,4,5,5,4
Female,19,No,0,5,3,5,5,3,3,5,5,3,5
Male,21,No,8,7.5,5,3,3,2,4,1,1,2,2
Male,26,Yes,2,7.5,5,5,1,5,1,5,5,3,5
Female,19,Yes,0,5,3,5,5,5,3,4,3,3,4
Male,22,No,5,5,5,3,3,3,4,2,2,2,4
Male,22,Yes,0,5,5,4,2,5,1,5,5,5,3
Female,21,Yes,0,7.5,3,3,3,3,3,5,5,5,1
Female,21,No,0,7.5,3,4,4,3,4,4,4,2,4
Male,22,No,0,7.5,1,2,2,1,2,2,2,5,2
Male,22,No,0,7.5,4,3,1,4,4,2,3,1,2
Female,22,Yes,0,3,5,5,5,5,1,5,5,5,5
Male,21,No,0,5,5,4,2,4,3,1,2,1,1
Male,22,No,0,5,3,3,3,3,2,3,4,4,5
Female,19,No,5,5,4,4,4,3,4,2,2,1,3
